,instant,dteday,season,year,month,holiday,weekday,workingday,weathersit,temperatura,atemp,humedad,windspeed,casual,registered,total_alquileres,usuarios_totales,clima
0,1,2011-01-01,springer,0,1,0,6,0,2,14.110847,0.363625,0.805833,0.160446,331,654,985,985,Nublado
1,2,2011-01-02,springer,0,1,0,0,0,2,14.902598000000001,0.353739,0.696087,0.248539,131,670,801,801,Nublado
2,3,2011-01-03,springer,0,1,0,1,1,1,8.050924,0.189405,0.437273,0.248309,120,1229,1349,1349,Despejado
3,4,2011-01-04,springer,0,1,0,2,1,1,8.200000000000001,0.212122,0.590435,0.160296,108,1454,1562,1562,Despejado
4,5,2011-01-05,springer,0,1,0,3,1,1,9.305237,0.22927,0.436957,0.1869,82,1518,1600,1600,Despejado
5,6,2011-01-06,springer,0,1,0,4,1,1,8.378268,0.233209,0.518261,0.0895652,88,1518,1606,1606,Despejado
6,7,2011-01-07,springer,0,1,0,5,1,2,8.057402,0.208839,0.498696,0.168726,148,1362,1510,1510,Nublado
7,8,2011-01-08,springer,0,1,0,6,0,2,6.765000000000001,0.162254,0.535833,0.266804,68,891,959,959,Nublado
8,9,2011-01-09,springer,0,1,0,0,0,1,5.671653,0.116175,0.434167,0.36195,54,768,822,822,Despejado
9,10,2011-01-10,springer,0,1,0,1,1,1,6.184153,0.150888,0.482917,0.223267,41,1280,1321,1321,Despejado
10,11,2011-01-11,springer,0,1,0,2,1,2,6.9327309999999995,0.191464,0.686364,0.122132,43,1220,1263,1263,Nublado
11,12,2011-01-12,springer,0,1,0,3,1,1,7.0818069999999995,0.160473,0.599545,0.304627,25,1137,1162,1162,Despejado
12,13,2011-01-13,springer,0,1,0,4,1,1,6.765000000000001,0.150883,0.470417,0.301,38,1368,1406,1406,Despejado
13,14,2011-01-14,springer,0,1,0,5,1,1,6.59567,0.188413,0.537826,0.126548,54,1367,1421,1421,Despejado
14,15,2011-01-15,springer,0,1,0,6,0,2,9.566653,0.248112,0.49875,0.157963,222,1026,1248,1248,Nublado
15,16,2011-01-16,springer,0,1,0,0,0,1,9.498347,0.234217,0.48375,0.188433,251,953,1204,1204,Despejado
16,17,2011-01-17,springer,0,1,1,1,0,2,7.209153,0.176771,0.5375,0.194017,117,883,1000,1000,Nublado
17,18,2011-01-18,springer,0,1,0,2,1,2,8.883347,0.232333,0.861667,0.146775,9,674,683,683,Nublado
18,19,2011-01-19,springer,0,1,0,3,1,2,11.979134,0.298422,0.741739,0.208317,78,1572,1650,1650,Nublado
19,20,2011-01-20,springer,0,1,0,4,1,2,10.728347,0.25505,0.538333,0.195904,83,1844,1927,1927,Nublado
20,21,2011-01-21,springer,0,1,0,5,1,1,7.2775,0.157833,0.457083,0.353242,75,1468,1543,1543,Despejado
21,22,2011-01-22,springer,0,1,0,6,0,1,2.4243464,0.0790696,0.4,0.17197,93,888,981,981,Despejado
22,23,2011-01-23,springer,0,1,0,0,0,1,3.9573897000000002,0.0988391,0.436522,0.2466,150,836,986,986,Despejado
23,24,2011-01-24,springer,0,1,0,1,1,1,3.9930433,0.11793,0.491739,0.15833,86,1330,1416,1416,Despejado
24,25,2011-01-25,springer,0,1,0,2,1,2,9.162598000000001,0.234526,0.616957,0.129796,186,1799,1985,1985,Nublado
25,26,2011-01-26,springer,0,1,0,3,1,3,8.9175,0.2036,0.8625,0.29385,34,472,506,506,Lluvioso
26,27,2011-01-27,springer,0,1,0,4,1,1,7.995,0.2197,0.6875,0.113837,15,416,431,431,Despejado
27,28,2011-01-28,springer,0,1,0,5,1,2,8.342597999999999,0.223317,0.793043,0.1233,38,1129,1167,1167,Nublado
28,29,2011-01-29,springer,0,1,0,6,0,1,8.057402,0.212126,0.651739,0.145365,123,975,1098,1098,Despejado
29,30,2011-01-30,springer,0,1,0,0,0,1,8.877402,0.250322,0.722174,0.0739826,140,956,1096,1096,Despejado
30,31,2011-01-31,springer,0,1,0,1,1,2,7.414153,0.18625,0.60375,0.187192,42,1459,1501,1501,Nublado
31,32,2011-02-01,springer,0,2,0,2,1,2,7.8791340000000005,0.23453,0.829565,0.053213,47,1313,1360,1360,Nublado
32,33,2011-02-02,springer,0,2,0,3,1,2,10.66,0.254417,0.775417,0.264308,72,1454,1526,1526,Nublado
33,34,2011-02-03,springer,0,2,0,4,1,1,7.665237,0.177878,0.437826,0.277752,61,1489,1550,1550,Despejado
34,35,2011-02-04,springer,0,2,0,5,1,2,8.663464,0.228587,0.585217,0.127839,88,1620,1708,1708,Nublado
35,36,2011-02-05,springer,0,2,0,6,0,2,9.566653,0.243058,0.929167,0.161079,100,905,1005,1005,Nublado
36,37,2011-02-06,springer,0,2,0,0,0,1,11.719153,0.291671,0.568333,0.1418,354,1269,1623,1623,Despejado
37,38,2011-02-07,springer,0,2,0,1,1,1,11.138347,0.303658,0.738333,0.0454083,120,1592,1712,1712,Despejado
38,39,2011-02-08,springer,0,2,0,2,1,1,9.054153,0.198246,0.537917,0.36195,64,1466,1530,1530,Despejado
39,40,2011-02-09,springer,0,2,0,3,1,2,5.526102999999999,0.144283,0.494783,0.188839,53,1552,1605,1605,Nublado
40,41,2011-02-10,springer,0,2,0,4,1,1,5.918268,0.149548,0.437391,0.221935,47,1491,1538,1538,Despejado
41,42,2011-02-11,springer,0,2,0,5,1,1,7.752731000000001,0.213509,0.506364,0.10855,149,1597,1746,1746,Despejado
42,43,2011-02-12,springer,0,2,0,6,0,1,9.1225,0.232954,0.544167,0.203367,288,1184,1472,1472,Despejado
43,44,2011-02-13,springer,0,2,0,0,0,1,12.977402000000001,0.324113,0.457391,0.260883,397,1192,1589,1589,Despejado
44,45,2011-02-14,springer,0,2,0,1,1,1,17.015,0.39835,0.375833,0.417908,208,1705,1913,1913,Despejado
45,46,2011-02-15,springer,0,2,0,2,1,1,10.909567000000001,0.254274,0.314348,0.291374,140,1675,1815,1815,Despejado
46,47,2011-02-16,springer,0,2,0,3,1,1,13.048701000000001,0.3162,0.423478,0.251791,218,1897,2115,2115,Despejado
47,48,2011-02-17,springer,0,2,0,4,1,1,17.869153,0.428658,0.505,0.230104,259,2216,2475,2475,Despejado
48,49,2011-02-18,springer,0,2,0,5,1,1,21.388347,0.511983,0.516667,0.264925,579,2348,2927,2927,Despejado
49,50,2011-02-19,springer,0,2,0,6,0,1,16.365847,0.391404,0.187917,0.507463,532,1103,1635,1635,Despejado
50,51,2011-02-20,springer,0,2,0,0,0,1,11.693897,0.27733,0.407826,0.223235,639,1173,1812,1812,Despejado
51,52,2011-02-21,springer,0,2,1,1,0,2,12.436653000000002,0.284075,0.605,0.307846,195,912,1107,1107,Nublado
52,53,2011-02-22,springer,0,2,0,2,1,1,7.471102,0.186033,0.577778,0.195683,74,1376,1450,1450,Despejado
53,54,2011-02-23,springer,0,2,0,3,1,1,9.091299,0.245717,0.423043,0.094113,139,1778,1917,1917,Despejado
54,55,2011-02-24,springer,0,2,0,4,1,2,12.121732000000002,0.289191,0.697391,0.250496,100,1707,1807,1807,Nublado
55,56,2011-02-25,springer,0,2,0,5,1,2,14.938268,0.350461,0.712174,0.346539,120,1341,1461,1461,Nublado
56,57,2011-02-26,springer,0,2,0,6,0,1,11.5825,0.282192,0.537917,0.186571,424,1545,1969,1969,Despejado
57,58,2011-02-27,springer,0,2,0,0,0,1,14.082598,0.351109,0.68,0.125248,694,1708,2402,2402,Despejado
58,59,2011-02-28,springer,0,2,0,1,1,2,16.698193,0.400118,0.876364,0.289686,81,1365,1446,1446,Nublado
59,60,2011-03-01,springer,0,3,0,2,1,1,10.933347,0.263879,0.535,0.216425,137,1714,1851,1851,Despejado
60,61,2011-03-02,springer,0,3,0,3,1,1,13.735000000000001,0.320071,0.449583,0.307833,231,1903,2134,2134,Despejado
61,62,2011-03-03,springer,0,3,0,4,1,1,8.131653,0.200133,0.318333,0.225754,123,1562,1685,1685,Despejado
62,63,2011-03-04,springer,0,3,0,5,1,2,10.728347,0.255679,0.610417,0.203346,214,1730,1944,1944,Nublado
63,64,2011-03-05,springer,0,3,0,6,0,2,15.750846999999998,0.378779,0.789167,0.251871,640,1437,2077,2077,Nublado
64,65,2011-03-06,springer,0,3,0,0,0,2,15.437402,0.366252,0.948261,0.343287,114,491,605,605,Nublado
65,66,2011-03-07,springer,0,3,0,1,1,1,10.731299,0.238461,0.551304,0.341352,244,1628,1872,1872,Despejado
66,67,2011-03-08,springer,0,3,0,2,1,1,11.9925,0.3024,0.420833,0.12065,316,1817,2133,2133,Despejado
67,68,2011-03-09,springer,0,3,0,3,1,2,12.129153,0.286608,0.775417,0.22015,191,1700,1891,1891,Nublado
68,69,2011-03-10,springer,0,3,0,4,1,3,15.952731,0.385668,0.0,0.261877,46,577,623,623,Lluvioso
69,70,2011-03-11,springer,0,3,0,5,1,2,12.977402000000001,0.305,0.649565,0.23297,247,1730,1977,1977,Nublado
70,71,2011-03-12,springer,0,3,0,6,0,1,13.495847,0.32575,0.594583,0.220775,724,1408,2132,2132,Despejado
71,72,2011-03-13,springer,0,3,0,0,0,1,15.758268000000001,0.380091,0.527391,0.270604,982,1435,2417,2417,Despejado
72,73,2011-03-14,springer,0,3,0,1,1,1,13.333896999999999,0.332,0.496957,0.136926,359,1687,2046,2046,Despejado
73,74,2011-03-15,springer,0,3,0,2,1,2,13.013031,0.318178,0.655652,0.184309,289,1767,2056,2056,Nublado
74,75,2011-03-16,springer,0,3,0,3,1,2,14.973897000000001,0.36693,0.776522,0.203117,321,1871,2192,2192,Nublado
75,76,2011-03-17,springer,0,3,0,4,1,1,17.015,0.410333,0.602917,0.209579,424,2320,2744,2744,Despejado
76,77,2011-03-18,springer,0,3,0,5,1,1,22.14,0.527009,0.525217,0.231017,884,2355,3239,3239,Despejado
77,78,2011-03-19,springer,0,3,0,6,0,1,19.3725,0.466525,0.379167,0.368167,1424,1693,3117,3117,Despejado
78,79,2011-03-20,springer,0,3,0,0,0,1,13.6325,0.32575,0.47375,0.207721,1047,1424,2471,2471,Despejado
79,80,2011-03-21,summer,0,3,0,1,1,2,17.647835,0.409735,0.737391,0.288783,401,1676,2077,2077,Nublado
80,81,2011-03-22,summer,0,3,0,2,1,1,18.108347,0.440642,0.624583,0.22575,460,2243,2703,2703,Despejado
81,82,2011-03-23,summer,0,3,0,3,1,2,14.225237,0.337939,0.839565,0.234261,203,1918,2121,2121,Nublado
82,83,2011-03-24,summer,0,3,0,4,1,2,11.684999999999999,0.270833,0.805833,0.243787,166,1699,1865,1865,Nublado
83,84,2011-03-25,summer,0,3,0,5,1,1,10.830846999999999,0.256312,0.495,0.230725,300,1910,2210,2210,Despejado
84,85,2011-03-26,summer,0,3,0,6,0,1,10.899153,0.257571,0.394167,0.209571,981,1515,2496,2496,Despejado
85,86,2011-03-27,summer,0,3,0,0,0,2,10.374763000000002,0.250339,0.493913,0.1843,472,1221,1693,1693,Nublado
86,87,2011-03-28,summer,0,3,0,1,1,1,10.838268000000001,0.257574,0.302174,0.212204,222,1806,2028,2028,Despejado
87,88,2011-03-29,summer,0,3,0,2,1,1,12.4025,0.292908,0.314167,0.226996,317,2108,2425,2425,Despejado
88,89,2011-03-30,summer,0,3,0,3,1,2,12.299999999999999,0.29735,0.646667,0.172888,168,1368,1536,1536,Nublado
89,90,2011-03-31,summer,0,3,0,4,1,3,11.001653,0.257575,0.918333,0.217646,179,1506,1685,1685,Lluvioso
90,91,2011-04-01,summer,0,4,0,5,1,2,12.299999999999999,0.283454,0.68625,0.258708,307,1920,2227,2227,Nublado
91,92,2011-04-02,summer,0,4,0,6,0,2,12.915000000000001,0.315637,0.65375,0.197146,898,1354,2252,2252,Nublado
92,93,2011-04-03,summer,0,4,0,0,0,1,15.511652999999999,0.378767,0.48,0.182213,1651,1598,3249,3249,Despejado
93,94,2011-04-04,summer,0,4,0,1,1,1,23.506653,0.542929,0.42625,0.385571,734,2381,3115,3115,Despejado
94,95,2011-04-05,summer,0,4,0,2,1,2,16.980847,0.39835,0.642083,0.388067,167,1628,1795,1795,Nublado
95,96,2011-04-06,summer,0,4,0,3,1,1,16.024153,0.387608,0.470833,0.263063,413,2395,2808,2808,Despejado
96,97,2011-04-07,summer,0,4,0,4,1,1,17.9375,0.433696,0.602917,0.162312,571,2570,3141,3141,Despejado
97,98,2011-04-08,summer,0,4,0,5,1,2,13.769153,0.324479,0.83625,0.226992,172,1299,1471,1471,Nublado
98,99,2011-04-09,summer,0,4,0,6,0,2,14.0425,0.341529,0.8775,0.133083,879,1576,2455,2455,Nublado
99,100,2011-04-10,summer,0,4,0,0,0,2,17.493347,0.426737,0.8575,0.146767,1188,1707,2895,2895,Nublado
100,101,2011-04-11,summer,0,4,0,1,1,2,24.421732,0.565217,0.716956,0.324474,855,2493,3348,3348,Nublado
101,102,2011-04-12,summer,0,4,0,2,1,2,20.6025,0.493054,0.739167,0.274879,257,1777,2034,2034,Nublado
102,103,2011-04-13,summer,0,4,0,3,1,2,16.912499999999998,0.417283,0.819167,0.250617,209,1953,2162,2162,Nublado
103,104,2011-04-14,summer,0,4,0,4,1,1,19.1675,0.462742,0.540417,0.1107,529,2738,3267,3267,Despejado
104,105,2011-04-15,summer,0,4,1,5,0,1,18.313347,0.441913,0.67125,0.226375,642,2484,3126,3126,Despejado
105,106,2011-04-16,summer,0,4,0,6,0,3,17.664153000000002,0.425492,0.888333,0.340808,121,674,795,795,Lluvioso
106,107,2011-04-17,summer,0,4,0,0,0,1,18.723347,0.445696,0.479583,0.303496,1558,2186,3744,3744,Despejado
107,108,2011-04-18,summer,0,4,0,1,1,1,21.0125,0.503146,0.5425,0.163567,669,2760,3429,3429,Despejado
108,109,2011-04-19,summer,0,4,0,2,1,2,20.739152999999998,0.489258,0.665833,0.157971,409,2795,3204,3204,Nublado
109,110,2011-04-20,summer,0,4,0,3,1,1,24.395,0.564392,0.614167,0.241925,613,3331,3944,3944,Despejado
110,111,2011-04-21,summer,0,4,0,4,1,1,18.825847,0.453892,0.407083,0.325258,745,3444,4189,4189,Despejado
111,112,2011-04-22,summer,0,4,0,5,1,2,13.803347,0.321954,0.729583,0.219521,177,1506,1683,1683,Nublado
112,113,2011-04-23,summer,0,4,0,6,0,2,18.86,0.450121,0.887917,0.230725,1462,2574,4036,4036,Nublado
113,114,2011-04-24,summer,0,4,0,0,0,2,23.848347,0.551763,0.810833,0.192175,1710,2481,4191,4191,Nublado
114,115,2011-04-25,summer,0,4,0,1,1,1,24.873347,0.5745,0.776667,0.185333,773,3300,4073,4073,Despejado
115,116,2011-04-26,summer,0,4,0,2,1,1,25.898346999999998,0.594083,0.729167,0.3265,678,3722,4400,4400,Despejado
116,117,2011-04-27,summer,0,4,0,3,1,2,25.419999999999998,0.575142,0.835417,0.3122,547,3325,3872,3872,Nublado
117,118,2011-04-28,summer,0,4,0,4,1,2,25.317500000000003,0.578929,0.700833,0.320908,569,3489,4058,4058,Nublado
118,119,2011-04-29,summer,0,4,0,5,1,1,20.91,0.497463,0.457083,0.240063,878,3717,4595,4595,Despejado
119,120,2011-04-30,summer,0,4,0,6,0,1,19.3725,0.464021,0.503333,0.235075,1965,3347,5312,5312,Despejado
120,121,2011-05-01,summer,0,5,0,0,0,2,18.518347,0.448204,0.762083,0.106354,1138,2213,3351,3351,Nublado
121,122,2011-05-02,summer,0,5,0,1,1,2,22.515846999999997,0.532833,0.73,0.183454,847,3554,4401,4401,Nublado
122,123,2011-05-03,summer,0,5,0,2,1,2,25.283347,0.582079,0.697083,0.342667,603,3848,4451,4451,Nublado
123,124,2011-05-04,summer,0,5,0,3,1,2,16.980847,0.40465,0.737083,0.328996,255,2378,2633,2633,Nublado
124,125,2011-05-05,summer,0,5,0,4,1,1,18.825847,0.441917,0.444167,0.295392,614,3819,4433,4433,Despejado
125,126,2011-05-06,summer,0,5,0,5,1,1,19.645847,0.474117,0.59,0.228246,894,3714,4608,4608,Despejado
126,127,2011-05-07,summer,0,5,0,6,0,1,21.32,0.512621,0.54125,0.16045,1612,3102,4714,4714,Despejado
127,128,2011-05-08,summer,0,5,0,0,0,1,21.661653,0.518933,0.631667,0.0746375,1401,2932,4333,4333,Despejado
128,129,2011-05-09,summer,0,5,0,1,1,1,21.8325,0.525246,0.58875,0.176,664,3698,4362,4362,Despejado
129,130,2011-05-10,summer,0,5,0,2,1,1,21.8325,0.522721,0.489167,0.115671,694,4109,4803,4803,Despejado
130,131,2011-05-11,summer,0,5,0,3,1,1,22.2425,0.5284,0.632917,0.120642,550,3632,4182,4182,Despejado
131,132,2011-05-12,summer,0,5,0,4,1,1,21.935000000000002,0.523363,0.7475,0.189667,695,4169,4864,4864,Despejado
132,133,2011-05-13,summer,0,5,0,5,1,2,21.0125,0.4943,0.863333,0.179725,692,3413,4105,4105,Nublado
133,134,2011-05-14,summer,0,5,0,6,0,2,21.354153,0.500629,0.9225,0.13495,902,2507,3409,3409,Nublado
134,135,2011-05-15,summer,0,5,0,0,0,2,23.0625,0.536,0.867083,0.152979,1582,2971,4553,4553,Nublado
135,136,2011-05-16,summer,0,5,0,1,1,1,23.677500000000002,0.550512,0.787917,0.126871,773,3185,3958,3958,Despejado
136,137,2011-05-17,summer,0,5,0,2,1,2,23.028347,0.538529,0.837917,0.277354,678,3445,4123,4123,Nublado
137,138,2011-05-18,summer,0,5,0,3,1,2,22.55,0.527158,0.87,0.201492,536,3319,3855,3855,Nublado
138,139,2011-05-19,summer,0,5,0,4,1,2,21.764153,0.510742,0.829583,0.108213,735,3840,4575,4575,Nublado
139,140,2011-05-20,summer,0,5,0,5,1,1,22.003347,0.529042,0.719583,0.125013,909,4008,4917,4917,Despejado
140,141,2011-05-21,summer,0,5,0,6,0,1,24.7025,0.571975,0.626667,0.12065,2258,3547,5805,5805,Despejado
141,142,2011-05-22,summer,0,5,0,0,0,1,24.770847,0.5745,0.749583,0.148008,1576,3084,4660,4660,Despejado
142,143,2011-05-23,summer,0,5,0,1,1,2,25.898346999999998,0.590296,0.81,0.233842,836,3438,4274,4274,Nublado
143,144,2011-05-24,summer,0,5,0,2,1,2,27.060000000000002,0.604813,0.740833,0.207092,659,3833,4492,4492,Nublado
144,145,2011-05-25,summer,0,5,0,3,1,1,27.094153,0.615542,0.69625,0.154233,740,4238,4978,4978,Despejado
145,146,2011-05-26,summer,0,5,0,4,1,1,29.041653,0.654688,0.6775,0.199642,758,3919,4677,4677,Despejado
146,147,2011-05-27,summer,0,5,0,5,1,1,27.948347000000002,0.637008,0.65375,0.240679,871,3808,4679,4679,Despejado
147,148,2011-05-28,summer,0,5,0,6,0,1,26.889153,0.612379,0.729583,0.230092,2001,2757,4758,4758,Despejado
148,149,2011-05-29,summer,0,5,0,0,0,1,27.3675,0.61555,0.81875,0.213938,2355,2433,4788,4788,Despejado
149,150,2011-05-30,summer,0,5,1,1,0,1,30.066653000000002,0.671092,0.685,0.131225,1549,2549,4098,4098,Despejado
150,151,2011-05-31,summer,0,5,0,2,1,1,31.775000000000002,0.725383,0.636667,0.111329,673,3309,3982,3982,Despejado
151,152,2011-06-01,summer,0,6,0,3,1,2,31.330847000000002,0.720967,0.677083,0.207092,513,3461,3974,3974,Nublado
152,153,2011-06-02,summer,0,6,0,4,1,1,29.314999999999998,0.643942,0.305,0.292287,736,4232,4968,4968,Despejado
153,154,2011-06-03,summer,0,6,0,5,1,1,25.419999999999998,0.587133,0.354167,0.253121,898,4414,5312,5312,Despejado
154,155,2011-06-04,summer,0,6,0,6,0,1,26.035,0.594696,0.45625,0.123142,1869,3473,5342,5342,Despejado
155,156,2011-06-05,summer,0,6,0,0,0,2,26.581653000000003,0.616804,0.6525,0.138692,1685,3221,4906,4906,Nublado
156,157,2011-06-06,summer,0,6,0,1,1,1,27.811653,0.621858,0.6,0.121896,673,3875,4548,4548,Despejado
157,158,2011-06-07,summer,0,6,0,2,1,1,29.0075,0.65595,0.597917,0.187808,763,4070,4833,4833,Despejado
158,159,2011-06-08,summer,0,6,0,3,1,1,31.809153,0.727279,0.622083,0.136817,676,3725,4401,4401,Despejado
159,160,2011-06-09,summer,0,6,0,4,1,2,33.141653,0.757579,0.568333,0.149883,563,3352,3915,3915,Nublado
160,161,2011-06-10,summer,0,6,0,5,1,1,30.955000000000002,0.703292,0.605,0.140554,815,3771,4586,4586,Despejado
161,162,2011-06-11,summer,0,6,0,6,0,1,29.724999999999998,0.678038,0.654583,0.15485,1729,3237,4966,4966,Despejado
162,163,2011-06-12,summer,0,6,0,0,0,1,28.392500000000002,0.643325,0.747917,0.163567,1467,2993,4460,4460,Despejado
163,164,2011-06-13,summer,0,6,0,1,1,1,26.035,0.601654,0.494583,0.30535,863,4157,5020,5020,Despejado
164,165,2011-06-14,summer,0,6,0,2,1,1,24.770847,0.591546,0.507083,0.269283,727,4164,4891,4891,Despejado
165,166,2011-06-15,summer,0,6,0,3,1,1,25.693347,0.587754,0.471667,0.167912,769,4411,5180,5180,Despejado
166,167,2011-06-16,summer,0,6,0,4,1,2,25.761653000000003,0.595346,0.688333,0.206471,545,3222,3767,3767,Nublado
167,168,2011-06-17,summer,0,6,0,5,1,1,26.615847000000002,0.600383,0.735833,0.143029,863,3981,4844,4844,Despejado
168,169,2011-06-18,summer,0,6,0,6,0,1,28.563347,0.643954,0.670417,0.119408,1807,3312,5119,5119,Despejado
169,170,2011-06-19,summer,0,6,0,0,0,2,28.665847,0.645846,0.666667,0.102,1639,3105,4744,4744,Nublado
170,171,2011-06-20,summer,0,6,0,1,1,2,26.035,0.595346,0.74625,0.155475,699,3311,4010,4010,Nublado
171,172,2011-06-21,fall,0,6,0,2,1,2,27.914153000000002,0.637646,0.770417,0.171025,774,4061,4835,4835,Nublado
172,173,2011-06-22,fall,0,6,0,3,1,1,30.066653000000002,0.693829,0.7075,0.172262,661,3846,4507,4507,Despejado
173,174,2011-06-23,fall,0,6,0,4,1,2,29.861653,0.693833,0.703333,0.238804,746,4044,4790,4790,Nublado
174,175,2011-06-24,fall,0,6,0,5,1,1,29.690847,0.656583,0.573333,0.222025,969,4022,4991,4991,Despejado
175,176,2011-06-25,fall,0,6,0,6,0,1,28.494999999999997,0.643313,0.483333,0.209571,1782,3420,5202,5202,Despejado
176,177,2011-06-26,fall,0,6,0,0,0,1,27.880000000000003,0.637629,0.513333,0.0945333,1920,3385,5305,5305,Despejado
177,178,2011-06-27,fall,0,6,0,1,1,2,27.982499999999998,0.637004,0.658333,0.107588,854,3854,4708,4708,Nublado
178,179,2011-06-28,fall,0,6,0,2,1,1,30.510847000000002,0.692558,0.634167,0.144283,732,3916,4648,4648,Despejado
179,180,2011-06-29,fall,0,6,0,3,1,1,29.861653,0.654688,0.497917,0.261821,848,4377,5225,5225,Despejado
180,181,2011-06-30,fall,0,6,0,4,1,1,28.563347,0.637008,0.434167,0.185312,1027,4488,5515,5515,Despejado
181,182,2011-07-01,fall,0,7,0,5,1,1,29.622500000000002,0.652162,0.39625,0.102608,1246,4116,5362,5362,Despejado
182,183,2011-07-02,fall,0,7,0,6,0,1,30.271653,0.667308,0.444583,0.115062,2204,2915,5119,5119,Despejado
183,184,2011-07-03,fall,0,7,0,0,0,2,29.383347,0.668575,0.6825,0.228858,2282,2367,4649,4649,Nublado
184,185,2011-07-04,fall,0,7,1,1,0,2,29.793346999999997,0.665417,0.637917,0.0814792,3065,2978,6043,6043,Nublado
185,186,2011-07-05,fall,0,7,0,2,1,1,30.613346999999997,0.696338,0.590417,0.126258,1031,3634,4665,4665,Despejado
186,187,2011-07-06,fall,0,7,0,3,1,1,29.52,0.685633,0.743333,0.149883,784,3845,4629,4629,Despejado
187,188,2011-07-07,fall,0,7,0,4,1,1,30.75,0.686871,0.65125,0.1592,754,3838,4592,4592,Despejado
188,189,2011-07-08,fall,0,7,0,5,1,2,29.075847,0.670483,0.757917,0.225129,692,3348,4040,4040,Nublado
189,190,2011-07-09,fall,0,7,0,6,0,1,30.066653000000002,0.664158,0.609167,0.167912,1988,3348,5336,5336,Despejado
190,191,2011-07-10,fall,0,7,0,0,0,1,30.6475,0.690025,0.578333,0.183471,1743,3138,4881,4881,Despejado
191,192,2011-07-11,fall,0,7,0,1,1,1,31.2625,0.729804,0.635833,0.282337,723,3363,4086,4086,Despejado
192,193,2011-07-12,fall,0,7,0,2,1,1,32.560846999999995,0.739275,0.559167,0.200254,662,3596,4258,4258,Despejado
193,194,2011-07-13,fall,0,7,0,3,1,1,30.613346999999997,0.689404,0.631667,0.146133,748,3594,4342,4342,Despejado
194,195,2011-07-14,fall,0,7,0,4,1,1,27.914153000000002,0.635104,0.47625,0.240667,888,4196,5084,5084,Despejado
195,196,2011-07-15,fall,0,7,0,5,1,1,27.196652999999998,0.624371,0.59125,0.182833,1318,4220,5538,5538,Despejado
196,197,2011-07-16,fall,0,7,0,6,0,1,28.153347,0.638263,0.585,0.208342,2418,3505,5923,5923,Despejado
197,198,2011-07-17,fall,0,7,0,0,0,1,29.485847,0.669833,0.604167,0.245033,2006,3296,5302,5302,Despejado
198,199,2011-07-18,fall,0,7,0,1,1,1,30.613346999999997,0.703925,0.65125,0.215804,841,3617,4458,4458,Despejado
199,200,2011-07-19,fall,0,7,0,2,1,1,31.843347,0.747479,0.650417,0.1306,752,3789,4541,4541,Despejado
200,201,2011-07-20,fall,0,7,0,3,1,1,31.501653,0.74685,0.707083,0.113817,644,3688,4332,4332,Despejado
201,202,2011-07-21,fall,0,7,0,4,1,2,33.415,0.826371,0.69125,0.222021,632,3152,3784,3784,Nublado
202,203,2011-07-22,fall,0,7,0,5,1,1,34.781653,0.840896,0.580417,0.1331,562,2825,3387,3387,Despejado
203,204,2011-07-23,fall,0,7,0,6,0,1,34.815847,0.804287,0.5,0.131221,987,2298,3285,3285,Despejado
204,205,2011-07-24,fall,0,7,0,0,0,1,34.03,0.794829,0.550833,0.169171,1050,2556,3606,3606,Despejado
205,206,2011-07-25,fall,0,7,0,1,1,1,30.476653000000002,0.720958,0.757083,0.0908083,568,3272,3840,3840,Despejado
206,207,2011-07-26,fall,0,7,0,2,1,1,31.638347,0.696979,0.540833,0.200258,750,3840,4590,4590,Despejado
207,208,2011-07-27,fall,0,7,0,3,1,1,31.775000000000002,0.690667,0.402917,0.183463,755,3901,4656,4656,Despejado
208,209,2011-07-28,fall,0,7,0,4,1,1,31.945847,0.7399,0.583333,0.178479,606,3784,4390,4390,Despejado
209,210,2011-07-29,fall,0,7,0,5,1,1,34.371653,0.785967,0.5425,0.174138,670,3176,3846,3846,Despejado
210,211,2011-07-30,fall,0,7,0,6,0,1,32.970847,0.728537,0.465833,0.168537,1559,2916,4475,4475,Despejado
211,212,2011-07-31,fall,0,7,0,0,0,1,33.039153,0.729796,0.480833,0.164813,1524,2778,4302,4302,Despejado
212,213,2011-08-01,fall,0,8,0,1,1,1,31.638347,0.703292,0.550833,0.156717,729,3537,4266,4266,Despejado
213,214,2011-08-02,fall,0,8,0,2,1,1,32.116653,0.707071,0.49125,0.20585,801,4044,4845,4845,Despejado
214,215,2011-08-03,fall,0,8,0,3,1,2,29.998347,0.679937,0.6575,0.135583,467,3107,3574,3574,Nublado
215,216,2011-08-04,fall,0,8,0,4,1,2,29.11,0.664788,0.7575,0.19715,799,3777,4576,4576,Nublado
216,217,2011-08-05,fall,0,8,0,5,1,1,29.144153000000003,0.656567,0.630833,0.184696,1023,3843,4866,4866,Despejado
217,218,2011-08-06,fall,0,8,0,6,0,2,29.383347,0.676154,0.755,0.22825,1521,2773,4294,4294,Nublado
218,219,2011-08-07,fall,0,8,0,0,0,1,30.442500000000003,0.715292,0.752917,0.201487,1298,2487,3785,3785,Despejado
219,220,2011-08-08,fall,0,8,0,1,1,1,31.365000000000002,0.703283,0.592083,0.192175,846,3480,4326,4326,Despejado
220,221,2011-08-09,fall,0,8,0,2,1,1,31.775000000000002,0.724121,0.570417,0.151121,907,3695,4602,4602,Despejado
221,222,2011-08-10,fall,0,8,0,3,1,1,31.433346999999998,0.684983,0.424167,0.200258,884,3896,4780,4780,Despejado
222,223,2011-08-11,fall,0,8,0,4,1,1,29.4175,0.651521,0.42375,0.164796,812,3980,4792,4792,Despejado
223,224,2011-08-12,fall,0,8,0,5,1,1,29.041653,0.654042,0.415,0.125621,1051,3854,4905,4905,Despejado
224,225,2011-08-13,fall,0,8,0,6,0,2,28.119153,0.645858,0.729583,0.211454,1504,2646,4150,4150,Nublado
225,226,2011-08-14,fall,0,8,0,0,0,2,27.743347,0.624388,0.8175,0.222633,1338,2482,3820,3820,Nublado
226,227,2011-08-15,fall,0,8,0,1,1,1,27.299153,0.616167,0.712083,0.208954,775,3563,4338,4338,Despejado
227,228,2011-08-16,fall,0,8,0,2,1,1,28.734153000000003,0.645837,0.578333,0.236329,721,4004,4725,4725,Despejado
228,229,2011-08-17,fall,0,8,0,3,1,1,29.656653,0.666671,0.575417,0.143667,668,4026,4694,4694,Despejado
229,230,2011-08-18,fall,0,8,0,4,1,1,29.178347000000002,0.662258,0.654583,0.233208,639,3166,3805,3805,Despejado
230,231,2011-08-19,fall,0,8,0,5,1,2,28.085,0.633221,0.722917,0.139308,797,3356,4153,4153,Nublado
231,232,2011-08-20,fall,0,8,0,6,0,1,28.5975,0.648996,0.674167,0.104467,1914,3277,5191,5191,Despejado
232,233,2011-08-21,fall,0,8,0,0,0,1,29.144153000000003,0.675525,0.77,0.248754,1249,2624,3873,3873,Despejado
233,234,2011-08-22,fall,0,8,0,1,1,1,28.358347000000002,0.638254,0.47,0.27675,833,3925,4758,4758,Despejado
234,235,2011-08-23,fall,0,8,0,2,1,1,26.274153,0.606067,0.455417,0.146763,1281,4614,5895,5895,Despejado
235,236,2011-08-24,fall,0,8,0,3,1,1,27.606652999999998,0.630692,0.605,0.253108,949,4181,5130,5130,Despejado
236,237,2011-08-25,fall,0,8,0,4,1,2,28.050846999999997,0.645854,0.771667,0.210833,435,3107,3542,3542,Nublado
237,238,2011-08-26,fall,0,8,0,5,1,1,28.7,0.659733,0.76125,0.0839625,768,3893,4661,4661,Despejado
238,239,2011-08-27,fall,0,8,0,6,0,2,27.880000000000003,0.635556,0.85,0.375617,226,889,1115,1115,Nublado
239,240,2011-08-28,fall,0,8,0,0,0,1,28.989418999999998,0.647959,0.561765,0.304659,1415,2919,4334,4334,Despejado
240,241,2011-08-29,fall,0,8,0,1,1,1,26.103347,0.607958,0.554583,0.159825,729,3905,4634,4634,Despejado
241,242,2011-08-30,fall,0,8,0,2,1,1,26.205847000000002,0.594704,0.548333,0.125008,775,4429,5204,5204,Despejado
242,243,2011-08-31,fall,0,8,0,3,1,1,26.923347,0.611121,0.597917,0.0833333,688,4370,5058,5058,Despejado
243,244,2011-09-01,fall,0,9,0,4,1,1,26.855,0.614921,0.639167,0.141796,783,4332,5115,5115,Despejado
244,245,2011-09-02,fall,0,9,0,5,1,2,26.376653,0.604808,0.727083,0.139929,875,3852,4727,4727,Nublado
245,246,2011-09-03,fall,0,9,0,6,0,1,27.435847,0.633213,0.716667,0.185325,1935,2549,4484,4484,Despejado
246,247,2011-09-04,fall,0,9,0,0,0,1,29.075847,0.665429,0.742083,0.206467,2521,2419,4940,4940,Despejado
247,248,2011-09-05,fall,0,9,1,1,0,2,27.606652999999998,0.625646,0.790417,0.212696,1236,2115,3351,3351,Nublado
248,249,2011-09-06,fall,0,9,0,2,1,3,22.14,0.5152,0.886957,0.343943,204,2506,2710,2710,Lluvioso
249,250,2011-09-07,fall,0,9,0,3,1,3,24.565847,0.544229,0.917083,0.0970208,118,1878,1996,1996,Lluvioso
250,251,2011-09-08,fall,0,9,0,4,1,3,25.990433,0.555361,0.939565,0.192748,153,1689,1842,1842,Lluvioso
251,252,2011-09-09,fall,0,9,0,5,1,2,26.650000000000002,0.578946,0.897917,0.124379,417,3127,3544,3544,Nublado
252,253,2011-09-10,fall,0,9,0,6,0,1,27.060000000000002,0.607962,0.75375,0.153608,1750,3595,5345,5345,Despejado
253,254,2011-09-11,fall,0,9,0,0,0,1,26.786653,0.609229,0.71375,0.115054,1633,3413,5046,5046,Despejado
254,255,2011-09-12,fall,0,9,0,1,1,1,26.418268,0.60213,0.692174,0.088913,690,4023,4713,4713,Despejado
255,256,2011-09-13,fall,0,9,0,2,1,1,26.684153,0.603554,0.7125,0.141804,701,4062,4763,4763,Despejado
256,257,2011-09-14,fall,0,9,0,3,1,1,27.606652999999998,0.6269,0.697083,0.1673,647,4138,4785,4785,Despejado
257,258,2011-09-15,fall,0,9,0,4,1,2,23.677500000000002,0.553671,0.709167,0.271146,428,3231,3659,3659,Nublado
258,259,2011-09-16,fall,0,9,0,5,1,2,19.235847,0.461475,0.590417,0.164183,742,4018,4760,4760,Nublado
259,260,2011-09-17,fall,0,9,0,6,0,2,20.158347,0.478512,0.718333,0.189675,1434,3077,4511,4511,Nublado
260,261,2011-09-18,fall,0,9,0,0,0,1,20.807499999999997,0.490537,0.695,0.178483,1353,2921,4274,4274,Despejado
261,262,2011-09-19,fall,0,9,0,1,1,2,22.515846999999997,0.529675,0.69,0.151742,691,3848,4539,4539,Nublado
262,263,2011-09-20,fall,0,9,0,2,1,2,23.028347,0.532217,0.88125,0.134954,438,3203,3641,3641,Nublado
263,264,2011-09-21,fall,0,9,0,3,1,2,24.395,0.550533,0.9,0.0964042,539,3813,4352,4352,Nublado
264,265,2011-09-22,fall,0,9,0,4,1,2,25.761653000000003,0.554963,0.902083,0.128125,555,4240,4795,4795,Nublado
265,266,2011-09-23,winter,0,9,0,5,1,2,24.975847,0.522125,0.9725,0.0783667,258,2137,2395,2395,Nublado
266,267,2011-09-24,winter,0,9,0,6,0,2,24.873347,0.564412,0.8625,0.0783833,1776,3647,5423,5423,Nublado
267,268,2011-09-25,winter,0,9,0,0,0,2,26.000847,0.572637,0.845,0.0503792,1544,3466,5010,5010,Nublado
268,269,2011-09-26,winter,0,9,0,1,1,2,26.615847000000002,0.589042,0.848333,0.1107,684,3946,4630,4630,Nublado
269,270,2011-09-27,winter,0,9,0,2,1,2,26.103347,0.574525,0.885417,0.118171,477,3643,4120,4120,Nublado
270,271,2011-09-28,winter,0,9,0,3,1,2,26.035,0.575158,0.84875,0.148629,480,3427,3907,3907,Nublado
271,272,2011-09-29,winter,0,9,0,4,1,1,25.283347,0.574512,0.699167,0.172883,653,4186,4839,4839,Despejado
272,273,2011-09-30,winter,0,9,0,5,1,1,23.130847,0.544829,0.6475,0.206475,830,4372,5202,5202,Despejado
273,274,2011-10-01,winter,0,10,0,6,0,2,16.81,0.412863,0.75375,0.292296,480,1949,2429,2429,Nublado
274,275,2011-10-02,winter,0,10,0,0,0,2,14.623347,0.345317,0.791667,0.222013,616,2302,2918,2918,Nublado
275,276,2011-10-03,winter,0,10,0,1,1,2,15.750846999999998,0.392046,0.760833,0.0833458,330,3240,3570,3570,Nublado
276,277,2011-10-04,winter,0,10,0,2,1,1,19.850847,0.472858,0.71,0.205854,486,3970,4456,4456,Despejado
277,278,2011-10-05,winter,0,10,0,3,1,1,22.071652999999998,0.527138,0.647917,0.17725,559,4267,4826,4826,Despejado
278,279,2011-10-06,winter,0,10,0,4,1,1,20.260847000000002,0.480425,0.620833,0.134954,639,4126,4765,4765,Despejado
279,280,2011-10-07,winter,0,10,0,5,1,1,20.944153,0.504404,0.684167,0.0223917,949,4036,4985,4985,Despejado
280,281,2011-10-08,winter,0,10,0,6,0,1,21.388347,0.513242,0.70125,0.0454042,2235,3174,5409,5409,Despejado
281,282,2011-10-09,winter,0,10,0,0,0,1,22.174153,0.523983,0.7275,0.06345,2397,3114,5511,5511,Despejado
282,283,2011-10-10,winter,0,10,1,1,0,1,23.404153,0.542925,0.73375,0.0423042,1514,3603,5117,5117,Despejado
283,284,2011-10-11,winter,0,10,0,2,1,2,23.233347000000002,0.546096,0.80875,0.143042,667,3896,4563,4563,Nublado
284,285,2011-10-12,winter,0,10,0,3,1,3,22.276653,0.517717,0.90625,0.24815,217,2199,2416,2416,Lluvioso
285,286,2011-10-13,winter,0,10,0,4,1,2,24.155847,0.551804,0.896667,0.141787,290,2623,2913,2913,Nublado
286,287,2011-10-14,winter,0,10,0,5,1,2,22.584153,0.529675,0.71625,0.223883,529,3115,3644,3644,Nublado
287,288,2011-10-15,winter,0,10,0,6,0,1,20.773346999999998,0.498725,0.483333,0.258083,1899,3318,5217,5217,Despejado
288,289,2011-10-16,winter,0,10,0,0,0,1,20.978347,0.503154,0.486667,0.281717,1748,3293,5041,5041,Despejado
289,290,2011-10-17,winter,0,10,0,1,1,1,21.900847,0.510725,0.579583,0.175379,713,3857,4570,4570,Despejado
290,291,2011-10-18,winter,0,10,0,2,1,2,21.8325,0.522721,0.701667,0.110087,637,4111,4748,4748,Nublado
291,292,2011-10-19,winter,0,10,0,3,1,3,22.211299,0.513848,0.895217,0.243339,254,2170,2424,2424,Lluvioso
292,293,2011-10-20,winter,0,10,0,4,1,1,19.509153,0.466525,0.63625,0.422275,471,3724,4195,4195,Despejado
293,294,2011-10-21,winter,0,10,0,5,1,1,17.5275,0.423596,0.574167,0.221396,676,3628,4304,4304,Despejado
294,295,2011-10-22,winter,0,10,0,6,0,1,17.322499999999998,0.425492,0.629167,0.0926667,1499,2809,4308,4308,Despejado
295,296,2011-10-23,winter,0,10,0,0,0,1,17.288347,0.422333,0.74125,0.0995125,1619,2762,4381,4381,Despejado
296,297,2011-10-24,winter,0,10,0,1,1,1,18.996653,0.457067,0.772083,0.118792,699,3488,4187,4187,Despejado
297,298,2011-10-25,winter,0,10,0,2,1,1,19.338347,0.463375,0.622917,0.166658,695,3992,4687,4687,Despejado
298,299,2011-10-26,winter,0,10,0,3,1,2,19.850847,0.472846,0.720417,0.148642,404,3490,3894,3894,Nublado
299,300,2011-10-27,winter,0,10,0,4,1,2,19.27,0.457046,0.812917,0.197763,240,2419,2659,2659,Nublado
300,301,2011-10-28,winter,0,10,0,5,1,2,13.564153,0.318812,0.585833,0.229479,456,3291,3747,3747,Nublado
301,302,2011-10-29,winter,0,10,0,6,0,3,10.420846999999998,0.227913,0.8825,0.351371,57,570,627,627,Lluvioso
302,303,2011-10-30,winter,0,10,0,0,0,1,13.085847,0.321329,0.62375,0.176617,885,2446,3331,3331,Despejado
303,304,2011-10-31,winter,0,10,0,1,1,1,13.940000000000001,0.356063,0.703333,0.10635,362,3307,3669,3669,Despejado
304,305,2011-11-01,winter,0,11,0,2,1,1,16.434153,0.397088,0.68375,0.135571,410,3658,4068,4068,Despejado
305,306,2011-11-02,winter,0,11,0,3,1,1,15.477500000000001,0.390133,0.71875,0.0820917,370,3816,4186,4186,Despejado
306,307,2011-11-03,winter,0,11,0,4,1,1,16.741653,0.405921,0.702083,0.136817,318,3656,3974,3974,Despejado
307,308,2011-11-04,winter,0,11,0,5,1,2,16.536653,0.403392,0.6225,0.271779,470,3576,4046,4046,Nublado
308,309,2011-11-05,winter,0,11,0,6,0,1,13.393346999999999,0.323854,0.519167,0.189062,1156,2770,3926,3926,Despejado
309,310,2011-11-06,winter,0,11,0,0,0,1,14.281653,0.362358,0.734583,0.0920542,952,2697,3649,3649,Despejado
310,311,2011-11-07,winter,0,11,0,1,1,1,16.195,0.400871,0.75875,0.057225,373,3662,4035,4035,Despejado
311,312,2011-11-08,winter,0,11,0,2,1,1,16.741653,0.412246,0.721667,0.0690375,376,3829,4205,4205,Despejado
312,313,2011-11-09,winter,0,11,0,3,1,1,16.400000000000002,0.409079,0.758333,0.0621958,305,3804,4109,4109,Despejado
313,314,2011-11-10,winter,0,11,0,4,1,2,15.58,0.373721,0.813333,0.189067,190,2743,2933,2933,Nublado
314,315,2011-11-11,winter,0,11,1,5,0,1,13.290847,0.306817,0.44625,0.314675,440,2928,3368,3368,Despejado
315,316,2011-11-12,winter,0,11,0,6,0,1,14.623347,0.357942,0.552917,0.212062,1275,2792,4067,4067,Despejado
316,317,2011-11-13,winter,0,11,0,0,0,1,18.074153,0.43055,0.458333,0.281721,1004,2713,3717,3717,Despejado
317,318,2011-11-14,winter,0,11,0,1,1,1,21.73,0.524612,0.587083,0.306596,595,3891,4486,4486,Despejado
318,319,2011-11-15,winter,0,11,0,2,1,2,21.73,0.507579,0.68875,0.199633,449,3746,4195,4195,Nublado
319,320,2011-11-16,winter,0,11,0,3,1,3,18.723347,0.451988,0.93,0.136829,145,1672,1817,1817,Lluvioso
320,321,2011-11-17,winter,0,11,0,4,1,2,14.008347,0.323221,0.575833,0.305362,139,2914,3053,3053,Nublado
321,322,2011-11-18,winter,0,11,0,5,1,1,11.240847,0.272721,0.41,0.168533,245,3147,3392,3392,Despejado
322,323,2011-11-19,winter,0,11,0,6,0,1,13.495847,0.324483,0.502083,0.224496,943,2720,3663,3663,Despejado
323,324,2011-11-20,winter,0,11,0,0,0,2,18.996653,0.457058,0.684583,0.18595,787,2733,3520,3520,Nublado
324,325,2011-11-21,winter,0,11,0,1,1,3,18.3475,0.445062,0.91,0.138054,220,2545,2765,2765,Lluvioso
325,326,2011-11-22,winter,0,11,0,2,1,3,17.083347,0.421696,0.9625,0.118792,69,1538,1607,1607,Lluvioso
326,327,2011-11-23,winter,0,11,0,3,1,2,18.074153,0.430537,0.757917,0.335825,112,2454,2566,2566,Nublado
327,328,2011-11-24,winter,0,11,1,4,0,1,15.306653,0.372471,0.549167,0.167304,560,935,1495,1495,Despejado
328,329,2011-11-25,winter,0,11,0,5,1,1,15.375,0.380671,0.64375,0.0988958,1095,1697,2792,2792,Despejado
329,330,2011-11-26,winter,0,11,0,6,0,1,15.409152999999998,0.385087,0.681667,0.0684208,1249,1819,3068,3068,Despejado
330,331,2011-11-27,winter,0,11,0,0,0,1,18.825847,0.4558,0.698333,0.208954,810,2261,3071,3071,Despejado
331,332,2011-11-28,winter,0,11,0,1,1,1,20.642598,0.490122,0.743043,0.142122,253,3614,3867,3867,Despejado
332,333,2011-11-29,winter,0,11,0,2,1,2,18.791653,0.451375,0.830833,0.258092,96,2818,2914,2914,Nublado
333,334,2011-11-30,winter,0,11,0,3,1,1,13.325000000000001,0.311221,0.613333,0.271158,188,3425,3613,3613,Despejado
334,335,2011-12-01,winter,0,12,0,4,1,1,12.8125,0.305554,0.524583,0.220158,182,3545,3727,3727,Despejado
335,336,2011-12-02,winter,0,12,0,5,1,1,12.880847,0.331433,0.625833,0.100754,268,3672,3940,3940,Despejado
336,337,2011-12-03,winter,0,12,0,6,0,1,12.265847,0.310604,0.612917,0.0957833,706,2908,3614,3614,Despejado
337,338,2011-12-04,winter,0,12,0,0,0,1,13.564153,0.3491,0.775833,0.0839583,634,2851,3485,3485,Despejado
338,339,2011-12-05,winter,0,12,0,1,1,2,15.819153,0.393925,0.827083,0.0622083,233,3578,3811,3811,Nublado
339,340,2011-12-06,winter,0,12,0,2,1,3,18.962500000000002,0.4564,0.949583,0.232583,126,2468,2594,2594,Lluvioso
340,341,2011-12-07,winter,0,12,0,3,1,3,16.81,0.400246,0.970417,0.266175,50,655,705,705,Lluvioso
341,342,2011-12-08,winter,0,12,0,4,1,1,10.899153,0.256938,0.58,0.240058,150,3172,3322,3322,Despejado
342,343,2011-12-09,winter,0,12,0,5,1,1,11.924153,0.317542,0.695833,0.0827167,261,3359,3620,3620,Despejado
343,344,2011-12-10,winter,0,12,0,6,0,1,11.275,0.266412,0.5075,0.233221,502,2688,3190,3190,Despejado
344,345,2011-12-11,winter,0,12,0,0,0,1,9.054153,0.253154,0.49,0.0665417,377,2366,2743,2743,Despejado
345,346,2011-12-12,winter,0,12,0,1,1,1,9.771652999999999,0.270196,0.670833,0.06345,143,3167,3310,3310,Despejado
346,347,2011-12-13,winter,0,12,0,2,1,1,11.5825,0.301138,0.59,0.14055,155,3368,3523,3523,Despejado
347,348,2011-12-14,winter,0,12,0,3,1,2,13.0175,0.338362,0.66375,0.0609583,178,3562,3740,3740,Nublado
348,349,2011-12-15,winter,0,12,0,4,1,2,17.322499999999998,0.412237,0.634167,0.268042,181,3528,3709,3709,Nublado
349,350,2011-12-16,winter,0,12,0,5,1,2,15.375,0.359825,0.500417,0.260575,178,3399,3577,3577,Nublado
350,351,2011-12-17,winter,0,12,0,6,0,2,10.591652999999999,0.249371,0.560833,0.243167,275,2464,2739,2739,Nublado
351,352,2011-12-18,winter,0,12,0,0,0,1,9.771652999999999,0.245579,0.58625,0.169779,220,2211,2431,2431,Despejado
352,353,2011-12-19,winter,0,12,0,1,1,1,11.343347,0.280933,0.6375,0.172896,260,3143,3403,3403,Despejado
353,354,2011-12-20,winter,0,12,0,2,1,2,15.819153,0.396454,0.595417,0.0615708,216,3534,3750,3750,Nublado
354,355,2011-12-21,springer,0,12,0,3,1,2,17.561653,0.428017,0.858333,0.2214,107,2553,2660,2660,Nublado
355,356,2011-12-22,springer,0,12,0,4,1,2,17.356653,0.426121,0.7575,0.047275,227,2841,3068,3068,Nublado
356,357,2011-12-23,springer,0,12,0,5,1,1,15.306653,0.377513,0.68625,0.274246,163,2046,2209,2209,Despejado
357,358,2011-12-24,springer,0,12,0,6,0,1,12.4025,0.299242,0.5425,0.190304,155,856,1011,1011,Despejado
358,359,2011-12-25,springer,0,12,0,0,0,1,11.266103,0.279961,0.681304,0.155091,303,451,754,754,Despejado
359,360,2011-12-26,springer,0,12,1,1,0,1,13.191299,0.315535,0.506957,0.239465,430,887,1317,1317,Despejado
360,361,2011-12-27,springer,0,12,0,2,1,2,13.325000000000001,0.327633,0.7625,0.18845,103,1059,1162,1162,Nublado
361,362,2011-12-28,springer,0,12,0,3,1,1,12.264330000000001,0.279974,0.503913,0.293961,255,2047,2302,2302,Despejado
362,363,2011-12-29,springer,0,12,0,4,1,1,10.181653,0.263892,0.574167,0.119412,254,2169,2423,2423,Despejado
363,364,2011-12-30,springer,0,12,0,5,1,1,12.778347000000002,0.318812,0.636667,0.134337,491,2508,2999,2999,Despejado
364,365,2011-12-31,springer,0,12,0,6,0,1,16.81,0.414121,0.615833,0.220154,665,1820,2485,2485,Despejado
365,366,2012-01-01,springer,1,1,0,0,0,1,15.17,0.375621,0.6925,0.192167,686,1608,2294,2294,Despejado
366,367,2012-01-02,springer,1,1,1,1,0,1,11.194763,0.252304,0.381304,0.329665,244,1707,1951,1951,Despejado
367,368,2012-01-03,springer,1,1,0,2,1,1,6.1499999999999995,0.126275,0.44125,0.365671,89,2147,2236,2236,Despejado
368,369,2012-01-04,springer,1,1,0,3,1,2,4.4075,0.119337,0.414583,0.1847,95,2273,2368,2368,Nublado
369,370,2012-01-05,springer,1,1,0,4,1,1,10.899153,0.278412,0.524167,0.129987,140,3132,3272,3272,Despejado
370,371,2012-01-06,springer,1,1,0,5,1,1,13.700847,0.340267,0.542083,0.167908,307,3791,4098,4098,Despejado
371,372,2012-01-07,springer,1,1,0,6,0,1,16.126653,0.390779,0.531667,0.174758,1070,3451,4521,4521,Despejado
372,373,2012-01-08,springer,1,1,0,0,0,1,13.8375,0.340258,0.465,0.191542,599,2826,3425,3425,Despejado
373,374,2012-01-09,springer,1,1,0,1,1,2,9.190847,0.247479,0.701667,0.0989,106,2270,2376,2376,Nublado
374,375,2012-01-10,springer,1,1,0,2,1,1,12.656536000000001,0.318826,0.646522,0.187552,173,3425,3598,3598,Despejado
375,376,2012-01-11,springer,1,1,0,3,1,2,11.240847,0.282821,0.8475,0.131221,92,2085,2177,2177,Nublado
376,377,2012-01-12,springer,1,1,0,4,1,2,15.682500000000001,0.381938,0.802917,0.180967,269,3828,4097,4097,Nublado
377,378,2012-01-13,springer,1,1,0,5,1,1,11.240847,0.249362,0.5075,0.378108,174,3040,3214,3214,Despejado
378,379,2012-01-14,springer,1,1,0,6,0,1,7.38,0.183087,0.4575,0.187183,333,2160,2493,2493,Despejado
379,380,2012-01-15,springer,1,1,0,0,0,1,6.833347000000001,0.161625,0.419167,0.251258,284,2027,2311,2311,Despejado
380,381,2012-01-16,springer,1,1,1,1,0,1,7.79,0.190663,0.5225,0.231358,217,2081,2298,2298,Despejado
381,382,2012-01-17,springer,1,1,0,2,1,2,15.294763,0.364278,0.716087,0.34913,127,2808,2935,2935,Nublado
382,383,2012-01-18,springer,1,1,0,3,1,1,12.436653000000002,0.275254,0.443333,0.415429,109,3267,3376,3376,Despejado
383,384,2012-01-19,springer,1,1,0,4,1,1,7.79,0.190038,0.4975,0.220158,130,3162,3292,3292,Despejado
384,385,2012-01-20,springer,1,1,0,5,1,2,8.9175,0.220958,0.45,0.20275,115,3048,3163,3163,Nublado
385,386,2012-01-21,springer,1,1,0,6,0,2,7.106653,0.174875,0.83125,0.222642,67,1234,1301,1301,Nublado
386,387,2012-01-22,springer,1,1,0,0,0,2,6.6625000000000005,0.16225,0.79625,0.199638,196,1781,1977,1977,Nublado
387,388,2012-01-23,springer,1,1,0,1,1,2,8.951653,0.243058,0.91125,0.110708,145,2287,2432,2432,Nublado
388,389,2012-01-24,springer,1,1,0,2,1,1,14.0425,0.349108,0.835833,0.123767,439,3900,4339,4339,Despejado
389,390,2012-01-25,springer,1,1,0,3,1,1,12.060847,0.294821,0.64375,0.161071,467,3803,4270,4270,Despejado
390,391,2012-01-26,springer,1,1,0,4,1,2,14.008347,0.35605,0.769583,0.0733958,244,3831,4075,4075,Nublado
391,392,2012-01-27,springer,1,1,0,5,1,2,17.425,0.415383,0.74125,0.342667,269,3187,3456,3456,Nublado
392,393,2012-01-28,springer,1,1,0,6,0,1,12.949152999999999,0.326379,0.543333,0.210829,775,3248,4023,4023,Despejado
393,394,2012-01-29,springer,1,1,0,0,0,1,11.5825,0.272721,0.31125,0.24005,558,2685,3243,3243,Despejado
394,395,2012-01-30,springer,1,1,0,1,1,1,11.035847,0.262625,0.400833,0.215792,126,3498,3624,3624,Despejado
395,396,2012-01-31,springer,1,1,0,2,1,1,15.99,0.381317,0.416667,0.261817,324,4185,4509,4509,Despejado
396,397,2012-02-01,springer,1,2,0,3,1,1,19.235847,0.466538,0.507917,0.189067,304,4275,4579,4579,Despejado
397,398,2012-02-02,springer,1,2,0,4,1,2,16.365847,0.398971,0.672917,0.187187,190,3571,3761,3761,Nublado
398,399,2012-02-03,springer,1,2,0,5,1,1,12.846652999999998,0.309346,0.526667,0.178496,310,3841,4151,4151,Despejado
399,400,2012-02-04,springer,1,2,0,6,0,2,10.830846999999999,0.272725,0.779583,0.121896,384,2448,2832,2832,Nublado
400,401,2012-02-05,springer,1,2,0,0,0,2,10.899153,0.264521,0.687917,0.175996,318,2629,2947,2947,Nublado
401,402,2012-02-06,springer,1,2,0,1,1,1,11.586969,0.296426,0.622174,0.1538,206,3578,3784,3784,Despejado
402,403,2012-02-07,springer,1,2,0,2,1,1,14.520847,0.361104,0.49625,0.147379,199,4176,4375,4375,Despejado
403,404,2012-02-08,springer,1,2,0,3,1,2,10.523347,0.266421,0.722917,0.133721,109,2693,2802,2802,Nublado
404,405,2012-02-09,springer,1,2,0,4,1,1,10.865,0.261988,0.562083,0.194037,163,3667,3830,3830,Despejado
405,406,2012-02-10,springer,1,2,0,5,1,2,11.514153,0.293558,0.54,0.116929,227,3604,3831,3831,Nublado
406,407,2012-02-11,springer,1,2,0,6,0,3,9.190847,0.210867,0.73125,0.289796,192,1977,2169,2169,Lluvioso
407,408,2012-02-12,springer,1,2,0,0,0,1,5.2275,0.101658,0.464583,0.409212,73,1456,1529,1529,Despejado
408,409,2012-02-13,springer,1,2,0,1,1,1,9.1225,0.227913,0.41125,0.167283,94,3328,3422,3422,Despejado
409,410,2012-02-14,springer,1,2,0,2,1,2,13.085847,0.333946,0.50875,0.141179,135,3787,3922,3922,Nublado
410,411,2012-02-15,springer,1,2,0,3,1,1,14.281653,0.351629,0.53125,0.1816,141,4028,4169,4169,Despejado
411,412,2012-02-16,springer,1,2,0,4,1,2,12.983346999999998,0.330162,0.752917,0.091425,74,2931,3005,3005,Nublado
412,413,2012-02-17,springer,1,2,0,5,1,1,14.076653,0.351629,0.634583,0.205846,349,3805,4154,4154,Despejado
413,414,2012-02-18,springer,1,2,0,6,0,1,14.213347,0.355425,0.534583,0.190929,1435,2883,4318,4318,Despejado
414,415,2012-02-19,springer,1,2,0,0,0,2,11.48,0.265788,0.515833,0.253112,618,2071,2689,2689,Nublado
415,416,2012-02-20,springer,1,2,1,1,0,1,11.48,0.273391,0.507826,0.229083,502,2627,3129,3129,Despejado
416,417,2012-02-21,springer,1,2,0,2,1,1,11.800866000000001,0.295113,0.594348,0.205717,163,3614,3777,3777,Despejado
417,418,2012-02-22,springer,1,2,0,3,1,1,16.229153,0.392667,0.567917,0.234471,394,4379,4773,4773,Despejado
418,419,2012-02-23,springer,1,2,0,4,1,1,18.620846999999998,0.444446,0.554583,0.190913,516,4546,5062,5062,Despejado
419,420,2012-02-24,springer,1,2,0,5,1,2,16.7075,0.410971,0.7375,0.237567,246,3241,3487,3487,Nublado
420,421,2012-02-25,springer,1,2,0,6,0,1,11.924153,0.255675,0.395833,0.421642,317,2415,2732,2732,Despejado
421,422,2012-02-26,springer,1,2,0,0,0,1,11.445847,0.268308,0.41,0.205229,515,2874,3389,3389,Despejado
422,423,2012-02-27,springer,1,2,0,1,1,1,15.033347000000001,0.357954,0.490833,0.268033,253,4069,4322,4322,Despejado
423,424,2012-02-28,springer,1,2,0,2,1,1,14.725847,0.353525,0.395833,0.193417,229,4134,4363,4363,Despejado
424,425,2012-02-29,springer,1,2,0,3,1,2,14.118267999999999,0.34847,0.804783,0.179117,65,1769,1834,1834,Nublado
425,426,2012-03-01,springer,1,3,0,4,1,1,19.919153,0.475371,0.615417,0.226987,325,4665,4990,4990,Despejado
426,427,2012-03-02,springer,1,3,0,5,1,2,14.486653,0.359842,0.657083,0.144904,246,2948,3194,3194,Nublado
427,428,2012-03-03,springer,1,3,0,6,0,2,16.980847,0.413492,0.62125,0.161079,956,3110,4066,4066,Nublado
428,429,2012-03-04,springer,1,3,0,0,0,1,13.359153,0.303021,0.403333,0.334571,710,2713,3423,3423,Despejado
429,430,2012-03-05,springer,1,3,0,1,1,1,9.976652999999999,0.241171,0.50625,0.228858,203,3130,3333,3333,Despejado
430,431,2012-03-06,springer,1,3,0,2,1,1,10.591652999999999,0.255042,0.456667,0.200875,221,3735,3956,3956,Despejado
431,432,2012-03-07,springer,1,3,0,3,1,1,16.570847,0.3851,0.513333,0.345779,432,4484,4916,4916,Despejado
432,433,2012-03-08,springer,1,3,0,4,1,1,21.627499999999998,0.524604,0.5675,0.441563,486,4896,5382,5382,Despejado
433,434,2012-03-09,springer,1,3,0,5,1,2,16.844153,0.397083,0.407083,0.4148,447,4122,4569,4569,Nublado
434,435,2012-03-10,springer,1,3,0,6,0,1,11.7875,0.277767,0.350417,0.22575,968,3150,4118,4118,Despejado
435,436,2012-03-11,springer,1,3,0,0,0,1,14.831299,0.35967,0.476957,0.222587,1658,3253,4911,4911,Despejado
436,437,2012-03-12,springer,1,3,0,1,1,1,19.133347,0.459592,0.489167,0.207713,838,4460,5298,5298,Despejado
437,438,2012-03-13,springer,1,3,0,2,1,1,23.165,0.542929,0.6175,0.23695,762,5085,5847,5847,Despejado
438,439,2012-03-14,springer,1,3,0,3,1,1,23.4725,0.548617,0.507083,0.115062,997,5315,6312,6312,Despejado
439,440,2012-03-15,springer,1,3,0,4,1,1,22.857499999999998,0.532825,0.579583,0.149883,1005,5187,6192,6192,Despejado
440,441,2012-03-16,springer,1,3,0,5,1,2,17.869153,0.436229,0.842083,0.113192,548,3830,4378,4378,Nublado
441,442,2012-03-17,springer,1,3,0,6,0,2,21.080847000000002,0.505046,0.755833,0.110704,3155,4681,7836,7836,Nublado
442,443,2012-03-18,springer,1,3,0,0,0,2,19.3725,0.464,0.81,0.126883,2207,3685,5892,5892,Nublado
443,444,2012-03-19,springer,1,3,0,1,1,1,22.345000000000002,0.532821,0.72875,0.162317,982,5171,6153,6153,Despejado
444,445,2012-03-20,springer,1,3,0,2,1,1,22.994153,0.538533,0.807917,0.121271,1051,5042,6093,6093,Despejado
445,446,2012-03-21,summer,1,3,0,3,1,2,21.798347,0.513258,0.82125,0.0895583,1122,5108,6230,6230,Nublado
446,447,2012-03-22,summer,1,3,0,4,1,1,22.720847,0.531567,0.83125,0.117562,1334,5537,6871,6871,Despejado
447,448,2012-03-23,summer,1,3,0,5,1,2,24.668346999999997,0.570067,0.694167,0.1163,2469,5893,8362,8362,Nublado
448,449,2012-03-24,summer,1,3,0,6,0,2,20.6025,0.486733,0.885417,0.192783,1033,2339,3372,3372,Nublado
449,450,2012-03-25,summer,1,3,0,0,0,2,17.9375,0.437488,0.880833,0.220775,1532,3464,4996,4996,Nublado
450,451,2012-03-26,summer,1,3,0,1,1,1,18.279153,0.43875,0.477917,0.386821,795,4763,5558,5558,Despejado
451,452,2012-03-27,summer,1,3,0,2,1,1,13.256653,0.315654,0.29,0.187192,531,4571,5102,5102,Despejado
452,453,2012-03-28,summer,1,3,0,3,1,1,19.850847,0.47095,0.48125,0.291671,674,5024,5698,5698,Despejado
453,454,2012-03-29,summer,1,3,0,4,1,1,20.260847000000002,0.482304,0.439167,0.31965,834,5299,6133,6133,Despejado
454,455,2012-03-30,summer,1,3,0,5,1,2,15.17,0.375621,0.580833,0.138067,796,4663,5459,5459,Nublado
455,456,2012-03-31,summer,1,3,0,6,0,2,17.390847,0.421708,0.738333,0.250617,2301,3934,6235,6235,Nublado
456,457,2012-04-01,summer,1,4,0,0,0,2,17.459153,0.417287,0.67625,0.172267,2347,3694,6041,6041,Nublado
457,458,2012-04-02,summer,1,4,0,1,1,1,17.790433,0.427513,0.504348,0.312139,1208,4728,5936,5936,Despejado
458,459,2012-04-03,summer,1,4,0,2,1,1,19.133347,0.461483,0.396667,0.100133,1348,5424,6772,6772,Despejado
459,460,2012-04-04,summer,1,4,0,3,1,1,22.208347,0.53345,0.469583,0.180975,1058,5378,6436,6436,Despejado
460,461,2012-04-05,summer,1,4,0,4,1,1,17.835,0.431163,0.374167,0.219529,1192,5265,6457,6457,Despejado
461,462,2012-04-06,summer,1,4,0,5,1,1,16.536653,0.390767,0.377083,0.300388,1807,4653,6460,6460,Despejado
462,463,2012-04-07,summer,1,4,0,6,0,1,17.9375,0.426129,0.254167,0.274871,3252,3605,6857,6857,Despejado
463,464,2012-04-08,summer,1,4,0,0,0,1,20.5,0.492425,0.275833,0.232596,2230,2939,5169,5169,Despejado
464,465,2012-04-09,summer,1,4,0,1,1,1,20.055847,0.476638,0.3175,0.358196,905,4680,5585,5585,Despejado
465,466,2012-04-10,summer,1,4,0,2,1,1,18.313347,0.436233,0.435,0.249375,819,5099,5918,5918,Despejado
466,467,2012-04-11,summer,1,4,0,3,1,1,14.296536,0.337274,0.469565,0.295274,482,4380,4862,4862,Despejado
467,468,2012-04-12,summer,1,4,0,4,1,1,16.2975,0.387604,0.46625,0.290429,663,4746,5409,5409,Despejado
468,469,2012-04-13,summer,1,4,0,5,1,1,18.142500000000002,0.431808,0.408333,0.155471,1252,5146,6398,6398,Despejado
469,470,2012-04-14,summer,1,4,0,6,0,1,20.294999999999998,0.487996,0.502917,0.190917,2795,4665,7460,7460,Despejado
470,471,2012-04-15,summer,1,4,0,0,0,1,24.873347,0.573875,0.507917,0.225129,2846,4286,7132,7132,Despejado
471,472,2012-04-16,summer,1,4,1,1,0,1,27.230846999999997,0.614925,0.561667,0.284829,1198,5172,6370,6370,Despejado
472,473,2012-04-17,summer,1,4,0,2,1,1,24.941653000000002,0.598487,0.390417,0.273629,989,5702,6691,6691,Despejado
473,474,2012-04-18,summer,1,4,0,3,1,2,18.996653,0.457038,0.569167,0.167912,347,4020,4367,4367,Nublado
474,475,2012-04-19,summer,1,4,0,4,1,1,20.431653,0.493046,0.6125,0.0659292,846,5719,6565,6565,Despejado
475,476,2012-04-20,summer,1,4,0,5,1,1,21.593347,0.515775,0.694583,0.149871,1340,5950,7290,7290,Despejado
476,477,2012-04-21,summer,1,4,0,6,0,1,23.369999999999997,0.542921,0.682917,0.283587,2541,4083,6624,6624,Despejado
477,478,2012-04-22,summer,1,4,0,0,0,3,16.263347,0.389504,0.835417,0.344546,120,907,1027,1027,Lluvioso
478,479,2012-04-23,summer,1,4,0,1,1,2,13.188346999999998,0.301125,0.766667,0.303496,195,3019,3214,3214,Nublado
479,480,2012-04-24,summer,1,4,0,2,1,1,16.946653,0.405283,0.454167,0.249383,518,5115,5633,5633,Despejado
480,481,2012-04-25,summer,1,4,0,3,1,1,19.543347,0.470317,0.427917,0.118792,655,5541,6196,6196,Despejado
481,482,2012-04-26,summer,1,4,0,4,1,2,20.431653,0.483583,0.756667,0.176625,475,4551,5026,5026,Nublado
482,483,2012-04-27,summer,1,4,0,5,1,1,18.7575,0.452637,0.400833,0.347633,1014,5219,6233,6233,Despejado
483,484,2012-04-28,summer,1,4,0,6,0,2,15.443347,0.377504,0.489583,0.129975,1120,3100,4220,4220,Nublado
484,485,2012-04-29,summer,1,4,0,0,0,1,18.791653,0.450121,0.587083,0.116908,2229,4075,6304,6304,Despejado
485,486,2012-04-30,summer,1,4,0,1,1,2,19.030847,0.457696,0.57,0.171638,665,4907,5572,5572,Nublado
486,487,2012-05-01,summer,1,5,0,2,1,2,25.146653,0.577021,0.659583,0.156096,653,5087,5740,5740,Nublado
487,488,2012-05-02,summer,1,5,0,3,1,1,23.130847,0.537896,0.797083,0.138058,667,5502,6169,6169,Despejado
488,489,2012-05-03,summer,1,5,0,4,1,2,22.96,0.537242,0.768333,0.133696,764,5657,6421,6421,Nublado
489,490,2012-05-04,summer,1,5,0,5,1,1,25.7275,0.590917,0.735417,0.162938,1069,5227,6296,6296,Despejado
490,491,2012-05-05,summer,1,5,0,6,0,2,25.488346999999997,0.584608,0.756667,0.152992,2496,4387,6883,6883,Nublado
491,492,2012-05-06,summer,1,5,0,0,0,2,23.0625,0.546737,0.74,0.149879,2135,4224,6359,6359,Nublado
492,493,2012-05-07,summer,1,5,0,1,1,2,22.037499999999998,0.527142,0.664167,0.230721,1008,5265,6273,6273,Nublado
493,494,2012-05-08,summer,1,5,0,2,1,2,23.848347,0.557471,0.685833,0.296029,738,4990,5728,5728,Nublado
494,495,2012-05-09,summer,1,5,0,3,1,2,23.575,0.553025,0.744167,0.216412,620,4097,4717,4717,Nublado
495,496,2012-05-10,summer,1,5,0,4,1,1,20.739152999999998,0.491783,0.552083,0.314063,1026,5546,6572,6572,Despejado
496,497,2012-05-11,summer,1,5,0,5,1,1,21.866653,0.520833,0.360417,0.236937,1319,5711,7030,7030,Despejado
497,498,2012-05-12,summer,1,5,0,6,0,1,23.130847,0.544817,0.480417,0.123133,2622,4807,7429,7429,Despejado
498,499,2012-05-13,summer,1,5,0,0,0,1,25.1125,0.585238,0.57625,0.225117,2172,3946,6118,6118,Despejado
499,500,2012-05-14,summer,1,5,0,1,1,2,23.506653,0.5499,0.789583,0.212692,342,2501,2843,2843,Nublado
500,501,2012-05-15,summer,1,5,0,2,1,2,25.078346999999997,0.576404,0.794583,0.147392,625,4490,5115,5115,Nublado
501,502,2012-05-16,summer,1,5,0,3,1,1,26.103347,0.595975,0.697917,0.122512,991,6433,7424,7424,Despejado
502,503,2012-05-17,summer,1,5,0,4,1,1,24.326653,0.572613,0.52,0.229475,1242,6142,7384,7384,Despejado
503,504,2012-05-18,summer,1,5,0,5,1,1,23.130847,0.551121,0.523333,0.136817,1521,6118,7639,7639,Despejado
504,505,2012-05-19,summer,1,5,0,6,0,1,24.599999999999998,0.566908,0.45625,0.083975,3410,4884,8294,8294,Despejado
505,506,2012-05-20,summer,1,5,0,0,0,1,25.454152999999998,0.583967,0.530417,0.254367,2704,4425,7129,7129,Despejado
506,507,2012-05-21,summer,1,5,0,1,1,2,24.531653,0.565667,0.81125,0.233204,630,3729,4359,4359,Nublado
507,508,2012-05-22,summer,1,5,0,2,1,2,25.215,0.580825,0.765833,0.118167,819,5254,6073,6073,Nublado
508,509,2012-05-23,summer,1,5,0,3,1,2,25.488346999999997,0.584612,0.774583,0.102,766,4494,5260,5260,Nublado
509,510,2012-05-24,summer,1,5,0,4,1,1,26.855,0.6067,0.716667,0.172896,1059,5711,6770,6770,Despejado
510,511,2012-05-25,summer,1,5,0,5,1,1,27.880000000000003,0.627529,0.747083,0.14055,1417,5317,6734,6734,Despejado
511,512,2012-05-26,summer,1,5,0,6,0,1,28.392500000000002,0.642696,0.7325,0.198992,2855,3681,6536,6536,Despejado
512,513,2012-05-27,summer,1,5,0,0,0,1,28.29,0.641425,0.697083,0.215171,3283,3308,6591,6591,Despejado
513,514,2012-05-28,summer,1,5,1,1,0,1,29.212500000000002,0.6793,0.67625,0.196521,2557,3486,6043,6043,Despejado
514,515,2012-05-29,summer,1,5,0,2,1,1,29.622500000000002,0.672992,0.684583,0.2954,880,4863,5743,5743,Despejado
515,516,2012-05-30,summer,1,5,0,3,1,2,26.923347,0.611129,0.67,0.134329,745,6110,6855,6855,Nublado
516,517,2012-05-31,summer,1,5,0,4,1,1,27.880000000000003,0.631329,0.492917,0.195279,1100,6238,7338,7338,Despejado
517,518,2012-06-01,summer,1,6,0,5,1,2,26.820847,0.607962,0.755417,0.237563,533,3594,4127,4127,Nublado
518,519,2012-06-02,summer,1,6,0,6,0,1,23.916653,0.566288,0.549167,0.186562,2795,5325,8120,8120,Despejado
519,520,2012-06-03,summer,1,6,0,0,0,1,24.7025,0.575133,0.493333,0.184087,2494,5147,7641,7641,Despejado
520,521,2012-06-04,summer,1,6,0,1,1,1,24.497500000000002,0.578283,0.487083,0.284833,1071,5927,6998,6998,Despejado
521,522,2012-06-05,summer,1,6,0,2,1,2,22.174153,0.525892,0.613333,0.209575,968,6033,7001,7001,Nublado
522,523,2012-06-06,summer,1,6,0,3,1,1,22.720847,0.542292,0.61125,0.077125,1027,6028,7055,7055,Despejado
523,524,2012-06-07,summer,1,6,0,4,1,1,24.7025,0.569442,0.567083,0.15735,1038,6456,7494,7494,Despejado
524,525,2012-06-08,summer,1,6,0,5,1,1,26.615847000000002,0.597862,0.467917,0.175383,1488,6248,7736,7736,Despejado
525,526,2012-06-09,summer,1,6,0,6,0,1,29.144153000000003,0.648367,0.437083,0.144287,2708,4790,7498,7498,Despejado
526,527,2012-06-10,summer,1,6,0,0,0,1,29.793346999999997,0.663517,0.538333,0.133721,2224,4374,6598,6598,Despejado
527,528,2012-06-11,summer,1,6,0,1,1,2,29.554153,0.659721,0.587917,0.207713,1017,5647,6664,6664,Nublado
528,529,2012-06-12,summer,1,6,0,2,1,2,26.786653,0.597875,0.833333,0.214546,477,4495,4972,4972,Nublado
529,530,2012-06-13,summer,1,6,0,3,1,1,26.889153,0.611117,0.582083,0.343279,1173,6248,7421,7421,Despejado
530,531,2012-06-14,summer,1,6,0,4,1,1,26.581653000000003,0.624383,0.569583,0.253733,1180,6183,7363,7363,Despejado
531,532,2012-06-15,summer,1,6,0,5,1,1,26.205847000000002,0.599754,0.589583,0.176617,1563,6102,7665,7665,Despejado
532,533,2012-06-16,summer,1,6,0,6,0,1,25.898346999999998,0.594708,0.504167,0.166667,2963,4739,7702,7702,Despejado
533,534,2012-06-17,summer,1,6,0,0,0,1,24.2925,0.571975,0.59875,0.144904,2634,4344,6978,6978,Despejado
534,535,2012-06-18,summer,1,6,0,1,1,2,23.301652999999998,0.544842,0.777917,0.174746,653,4446,5099,5099,Nublado
535,536,2012-06-19,summer,1,6,0,2,1,1,28.221653,0.654692,0.69,0.148017,968,5857,6825,6825,Despejado
536,537,2012-06-20,summer,1,6,0,3,1,1,32.082499999999996,0.720975,0.592083,0.113812,872,5339,6211,6211,Despejado
537,538,2012-06-21,fall,1,6,0,4,1,1,33.039153,0.752542,0.567917,0.118787,778,5127,5905,5905,Despejado
538,539,2012-06-22,fall,1,6,0,5,1,1,31.877499999999998,0.724121,0.57375,0.182842,964,4859,5823,5823,Despejado
539,540,2012-06-23,fall,1,6,0,6,0,1,29.998347,0.652792,0.534583,0.179721,2657,4801,7458,7458,Despejado
540,541,2012-06-24,fall,1,6,0,0,0,1,30.476653000000002,0.674254,0.479167,0.145525,2551,4340,6891,6891,Despejado
541,542,2012-06-25,fall,1,6,0,1,1,1,29.349153,0.654042,0.504167,0.300383,1139,5640,6779,6779,Despejado
542,543,2012-06-26,fall,1,6,0,2,1,1,25.864152999999998,0.594704,0.373333,0.347642,1077,6365,7442,7442,Despejado
543,544,2012-06-27,fall,1,6,0,3,1,1,28.5975,0.640792,0.36,0.271775,1077,6258,7335,7335,Despejado
544,545,2012-06-28,fall,1,6,0,4,1,1,30.715847,0.675512,0.4225,0.17165,921,5958,6879,6879,Despejado
545,546,2012-06-29,fall,1,6,0,5,1,1,34.200847,0.786613,0.48875,0.165417,829,4634,5463,5463,Despejado
546,547,2012-06-30,fall,1,6,0,6,0,1,31.365000000000002,0.687508,0.60125,0.161071,1455,4232,5687,5687,Despejado
547,548,2012-07-01,fall,1,7,0,0,0,1,33.449153,0.750629,0.51875,0.168529,1421,4110,5531,5531,Despejado
548,549,2012-07-02,fall,1,7,0,1,1,1,32.048347,0.702038,0.447083,0.195267,904,5323,6227,6227,Despejado
549,550,2012-07-03,fall,1,7,0,2,1,1,32.014153,0.70265,0.492083,0.126237,1052,5608,6660,6660,Despejado
550,551,2012-07-04,fall,1,7,1,3,0,1,32.355847,0.732337,0.53875,0.13495,2562,4841,7403,7403,Despejado
551,552,2012-07-05,fall,1,7,0,4,1,1,33.9275,0.761367,0.457917,0.194029,1405,4836,6241,6241,Despejado
552,553,2012-07-06,fall,1,7,0,5,1,1,33.961653,0.752533,0.450833,0.146142,1366,4841,6207,6207,Despejado
553,554,2012-07-07,fall,1,7,0,6,0,1,35.328347,0.804913,0.492083,0.163554,1448,3392,4840,4840,Despejado
554,555,2012-07-08,fall,1,7,0,0,0,1,33.722500000000004,0.790396,0.57375,0.125629,1203,3469,4672,4672,Despejado
555,556,2012-07-09,fall,1,7,0,1,1,2,29.144153000000003,0.654054,0.683333,0.180975,998,5571,6569,6569,Nublado
556,557,2012-07-10,fall,1,7,0,2,1,2,29.554153,0.664796,0.6675,0.151737,954,5336,6290,6290,Nublado
557,558,2012-07-11,fall,1,7,0,3,1,1,29.383347,0.650271,0.633333,0.151733,975,6289,7264,7264,Despejado
558,559,2012-07-12,fall,1,7,0,4,1,1,29.349153,0.654683,0.529583,0.146775,1032,6414,7446,7446,Despejado
559,560,2012-07-13,fall,1,7,0,5,1,2,29.998347,0.667933,0.485833,0.08085,1511,5988,7499,7499,Nublado
560,561,2012-07-14,fall,1,7,0,6,0,2,28.836653,0.666042,0.699167,0.143679,2355,4614,6969,6969,Nublado
561,562,2012-07-15,fall,1,7,0,0,0,1,30.579152999999998,0.705196,0.717917,0.166667,1920,4111,6031,6031,Despejado
562,563,2012-07-16,fall,1,7,0,1,1,1,31.296653000000003,0.724125,0.645,0.164187,1088,5742,6830,6830,Despejado
563,564,2012-07-17,fall,1,7,0,2,1,1,33.551653,0.755683,0.505833,0.114429,921,5865,6786,6786,Despejado
564,565,2012-07-18,fall,1,7,0,3,1,1,32.526652999999996,0.745583,0.577083,0.137442,799,4914,5713,5713,Despejado
565,566,2012-07-19,fall,1,7,0,4,1,1,31.57,0.714642,0.600417,0.165429,888,5703,6591,6591,Despejado
566,567,2012-07-20,fall,1,7,0,5,1,2,27.299153,0.613025,0.844167,0.208967,747,5123,5870,5870,Nublado
567,568,2012-07-21,fall,1,7,0,6,0,3,24.429153,0.549912,0.865417,0.2133,1264,3195,4459,4459,Lluvioso
568,569,2012-07-22,fall,1,7,0,0,0,2,27.3675,0.623125,0.7625,0.0939208,2544,4866,7410,7410,Nublado
569,570,2012-07-23,fall,1,7,0,1,1,1,30.408347,0.690017,0.694167,0.138683,1135,5831,6966,6966,Despejado
570,571,2012-07-24,fall,1,7,0,2,1,1,30.784153,0.70645,0.655,0.211454,1140,6452,7592,7592,Despejado
571,572,2012-07-25,fall,1,7,0,3,1,1,29.690847,0.654054,0.45,0.1648,1383,6790,8173,8173,Despejado
572,573,2012-07-26,fall,1,7,0,4,1,1,31.843347,0.739263,0.596667,0.284813,1036,5825,6861,6861,Despejado
573,574,2012-07-27,fall,1,7,0,5,1,1,32.048347,0.734217,0.594583,0.152992,1259,5645,6904,6904,Despejado
574,575,2012-07-28,fall,1,7,0,6,0,1,30.989152999999998,0.697604,0.613333,0.15735,2234,4451,6685,6685,Despejado
575,576,2012-07-29,fall,1,7,0,0,0,1,29.588347,0.667933,0.62375,0.170396,2153,4444,6597,6597,Despejado
576,577,2012-07-30,fall,1,7,0,1,1,1,29.964153,0.684987,0.66875,0.153617,1040,6065,7105,7105,Despejado
577,578,2012-07-31,fall,1,7,0,2,1,1,29.246653,0.662896,0.704167,0.165425,968,6248,7216,7216,Despejado
578,579,2012-08-01,fall,1,8,0,3,1,1,29.4175,0.667308,0.6775,0.141179,1074,6506,7580,7580,Despejado
579,580,2012-08-02,fall,1,8,0,4,1,1,30.8525,0.707088,0.659583,0.129354,983,6278,7261,7261,Despejado
580,581,2012-08-03,fall,1,8,0,5,1,2,31.399153,0.722867,0.6425,0.215792,1328,5847,7175,7175,Nublado
581,582,2012-08-04,fall,1,8,0,6,0,1,32.526652999999996,0.751267,0.613333,0.257458,2345,4479,6824,6824,Despejado
582,583,2012-08-05,fall,1,8,0,0,0,1,31.535847,0.731079,0.6525,0.290421,1707,3757,5464,5464,Despejado
583,584,2012-08-06,fall,1,8,0,1,1,2,30.8525,0.710246,0.654167,0.129354,1233,5780,7013,7013,Nublado
584,585,2012-08-07,fall,1,8,0,2,1,2,30.169152999999998,0.697621,0.70375,0.116908,1278,5995,7273,7273,Nublado
585,586,2012-08-08,fall,1,8,0,3,1,2,30.75,0.707717,0.672917,0.1107,1263,6271,7534,7534,Nublado
586,587,2012-08-09,fall,1,8,0,4,1,1,30.989152999999998,0.699508,0.620417,0.1561,1196,6090,7286,7286,Despejado
587,588,2012-08-10,fall,1,8,0,5,1,2,29.349153,0.667942,0.715833,0.238813,1065,4721,5786,5786,Nublado
588,589,2012-08-11,fall,1,8,0,6,0,2,28.392500000000002,0.638267,0.732917,0.206479,2247,4052,6299,6299,Nublado
589,590,2012-08-12,fall,1,8,0,0,0,1,28.734153000000003,0.644579,0.530417,0.122512,2182,4362,6544,6544,Despejado
590,591,2012-08-13,fall,1,8,0,1,1,1,29.554153,0.662254,0.545417,0.136212,1207,5676,6883,6883,Despejado
591,592,2012-08-14,fall,1,8,0,2,1,1,29.793346999999997,0.676779,0.686667,0.169158,1128,5656,6784,6784,Despejado
592,593,2012-08-15,fall,1,8,0,3,1,1,28.973347,0.654037,0.619583,0.169771,1198,6149,7347,7347,Despejado
593,594,2012-08-16,fall,1,8,0,4,1,1,29.485847,0.654688,0.519167,0.141796,1338,6267,7605,7605,Despejado
594,595,2012-08-17,fall,1,8,0,5,1,1,29.656653,0.2424,0.570833,0.231354,1483,5665,7148,7148,Despejado
595,596,2012-08-18,fall,1,8,0,6,0,1,27.811653,0.618071,0.603333,0.177867,2827,5038,7865,7865,Despejado
596,597,2012-08-19,fall,1,8,0,0,0,2,26.069153,0.603554,0.711667,0.08645,1208,3341,4549,4549,Nublado
597,598,2012-08-20,fall,1,8,0,1,1,2,26.069153,0.595967,0.734167,0.129979,1026,5504,6530,6530,Nublado
598,599,2012-08-21,fall,1,8,0,2,1,1,26.615847000000002,0.601025,0.67375,0.0727708,1081,5925,7006,7006,Despejado
599,600,2012-08-22,fall,1,8,0,3,1,1,27.3675,0.621854,0.677083,0.0702833,1094,6281,7375,7375,Despejado
600,601,2012-08-23,fall,1,8,0,4,1,1,28.529153,0.637008,0.635833,0.0845958,1363,6402,7765,7765,Despejado
601,602,2012-08-24,fall,1,8,0,5,1,2,28.802500000000002,0.6471,0.615,0.0721458,1325,6257,7582,7582,Nublado
602,603,2012-08-25,fall,1,8,0,6,0,2,27.128347,0.618696,0.712917,0.244408,1829,4224,6053,6053,Nublado
603,604,2012-08-26,fall,1,8,0,0,0,2,26.786653,0.595996,0.845833,0.228858,1483,3772,5255,5255,Nublado
604,605,2012-08-27,fall,1,8,0,1,1,1,28.836653,0.654688,0.730417,0.128733,989,5928,6917,6917,Despejado
605,606,2012-08-28,fall,1,8,0,2,1,1,29.861653,0.66605,0.62,0.190925,935,6105,7040,7040,Despejado
606,607,2012-08-29,fall,1,8,0,3,1,1,28.085,0.635733,0.552083,0.112562,1177,6520,7697,7697,Despejado
607,608,2012-08-30,fall,1,8,0,4,1,1,28.973347,0.652779,0.590417,0.0771167,1172,6541,7713,7713,Despejado
608,609,2012-08-31,fall,1,8,0,5,1,1,31.330847000000002,0.6894,0.5875,0.168533,1433,5917,7350,7350,Despejado
609,610,2012-09-01,fall,1,9,0,6,0,2,30.886653000000003,0.702654,0.638333,0.113187,2352,3788,6140,6140,Nublado
610,611,2012-09-02,fall,1,9,0,0,0,2,28.563347,0.649,0.815,0.0640708,2613,3197,5810,5810,Nublado
611,612,2012-09-03,fall,1,9,1,1,0,1,29.0075,0.661629,0.790833,0.151121,1965,4069,6034,6034,Despejado
612,613,2012-09-04,fall,1,9,0,2,1,1,29.759152999999998,0.686888,0.755,0.236321,867,5997,6864,6864,Despejado
613,614,2012-09-05,fall,1,9,0,3,1,1,30.203346999999997,0.708983,0.74125,0.187808,832,6280,7112,7112,Despejado
614,615,2012-09-06,fall,1,9,0,4,1,2,28.563347,0.655329,0.810417,0.142421,611,5592,6203,6203,Nublado
615,616,2012-09-07,fall,1,9,0,5,1,1,28.836653,0.657204,0.73625,0.171646,1045,6459,7504,7504,Despejado
616,617,2012-09-08,fall,1,9,0,6,0,2,27.025847,0.611121,0.799167,0.281104,1557,4419,5976,5976,Nublado
617,618,2012-09-09,fall,1,9,0,0,0,1,25.009999999999998,0.578925,0.5475,0.224496,2570,5657,8227,8227,Despejado
618,619,2012-09-10,fall,1,9,0,1,1,1,23.916653,0.565654,0.50375,0.258713,1118,6407,7525,7525,Despejado
619,620,2012-09-11,fall,1,9,0,2,1,1,23.677500000000002,0.554292,0.52,0.0920542,1070,6697,7767,7767,Despejado
620,621,2012-09-12,fall,1,9,0,3,1,1,24.565847,0.570075,0.577083,0.131846,1050,6820,7870,7870,Despejado
621,622,2012-09-13,fall,1,9,0,4,1,1,25.1125,0.579558,0.637083,0.0827208,1054,6750,7804,7804,Despejado
622,623,2012-09-14,fall,1,9,0,5,1,1,25.966653,0.594083,0.6725,0.103863,1379,6630,8009,8009,Despejado
623,624,2012-09-15,fall,1,9,0,6,0,1,24.941653000000002,0.585867,0.501667,0.247521,3160,5554,8714,8714,Despejado
624,625,2012-09-16,fall,1,9,0,0,0,1,23.779999999999998,0.563125,0.57,0.0901833,2166,5167,7333,7333,Despejado
625,626,2012-09-17,fall,1,9,0,1,1,2,23.814153,0.55305,0.734583,0.151742,1022,5847,6869,6869,Nublado
626,627,2012-09-18,fall,1,9,0,2,1,2,25.556653,0.565067,0.8725,0.357587,371,3702,4073,4073,Nublado
627,628,2012-09-19,fall,1,9,0,3,1,1,22.6525,0.540404,0.536667,0.215175,788,6803,7591,7591,Despejado
628,629,2012-09-20,fall,1,9,0,4,1,1,22.413347,0.532192,0.618333,0.118167,939,6781,7720,7720,Despejado
629,630,2012-09-21,fall,1,9,0,5,1,1,24.565847,0.571971,0.66875,0.154229,1250,6917,8167,8167,Despejado
630,631,2012-09-22,fall,1,9,0,6,0,1,26.650000000000002,0.610488,0.646667,0.283583,2512,5883,8395,8395,Despejado
631,632,2012-09-23,winter,1,9,0,0,0,1,21.695847,0.518933,0.467083,0.223258,2454,5453,7907,7907,Despejado
632,633,2012-09-24,winter,1,9,0,1,1,1,21.080847000000002,0.502513,0.492917,0.142404,1001,6435,7436,7436,Despejado
633,634,2012-09-25,winter,1,9,0,2,1,1,22.55,0.544179,0.57,0.236321,845,6693,7538,7538,Despejado
634,635,2012-09-26,winter,1,9,0,3,1,1,26.035,0.596613,0.630833,0.2444,787,6946,7733,7733,Despejado
635,636,2012-09-27,winter,1,9,0,4,1,2,26.650000000000002,0.607975,0.690833,0.134342,751,6642,7393,7393,Nublado
636,637,2012-09-28,winter,1,9,0,5,1,2,25.385847000000002,0.585863,0.69,0.164179,1045,6370,7415,7415,Nublado
637,638,2012-09-29,winter,1,9,0,6,0,1,22.2425,0.530296,0.542917,0.227604,2589,5966,8555,8555,Despejado
638,639,2012-09-30,winter,1,9,0,0,0,1,21.593347,0.517663,0.583333,0.134958,2015,4874,6889,6889,Despejado
639,640,2012-10-01,winter,1,10,0,1,1,2,21.354153,0.512,0.649167,0.0908042,763,6015,6778,6778,Nublado
640,641,2012-10-02,winter,1,10,0,2,1,3,24.224153,0.542333,0.871667,0.104475,315,4324,4639,4639,Lluvioso
641,642,2012-10-03,winter,1,10,0,3,1,2,26.9575,0.599133,0.79375,0.0665458,728,6844,7572,7572,Nublado
642,643,2012-10-04,winter,1,10,0,4,1,2,26.9575,0.607975,0.722917,0.117546,891,6437,7328,7328,Nublado
643,644,2012-10-05,winter,1,10,0,5,1,1,25.215,0.580187,0.6275,0.10635,1516,6640,8156,8156,Despejado
644,645,2012-10-06,winter,1,10,0,6,0,1,22.720847,0.538521,0.664167,0.268025,3031,4934,7965,7965,Despejado
645,646,2012-10-07,winter,1,10,0,0,0,2,17.049153,0.419813,0.708333,0.141162,781,2729,3510,3510,Nublado
646,647,2012-10-08,winter,1,10,1,1,0,2,15.716652999999999,0.387608,0.709583,0.189679,874,4604,5478,5478,Nublado
647,648,2012-10-09,winter,1,10,0,2,1,2,18.313347,0.438112,0.761667,0.1903,601,5791,6392,6392,Nublado
648,649,2012-10-10,winter,1,10,0,3,1,1,21.080847000000002,0.503142,0.630833,0.187821,780,6911,7691,7691,Despejado
649,650,2012-10-11,winter,1,10,0,4,1,1,17.835,0.431167,0.463333,0.181596,834,6736,7570,7570,Despejado
650,651,2012-10-12,winter,1,10,0,5,1,1,17.9375,0.433071,0.539167,0.235092,1060,6222,7282,7282,Despejado
651,652,2012-10-13,winter,1,10,0,6,0,1,16.126653,0.391396,0.494583,0.146142,2252,4857,7109,7109,Despejado
652,653,2012-10-14,winter,1,10,0,0,0,1,21.388347,0.508204,0.640417,0.278612,2080,4559,6639,6639,Despejado
653,654,2012-10-15,winter,1,10,0,1,1,2,23.028347,0.53915,0.7075,0.296037,760,5115,5875,5875,Nublado
654,655,2012-10-16,winter,1,10,0,2,1,1,19.201653,0.460846,0.558333,0.182221,922,6612,7534,7534,Despejado
655,656,2012-10-17,winter,1,10,0,3,1,1,18.689153,0.450108,0.692917,0.101371,979,6482,7461,7461,Despejado
656,657,2012-10-18,winter,1,10,0,4,1,2,21.4225,0.512625,0.728333,0.236937,1008,6501,7509,7509,Nublado
657,658,2012-10-19,winter,1,10,0,5,1,2,23.096653,0.537896,0.815,0.134954,753,4671,5424,5424,Nublado
658,659,2012-10-20,winter,1,10,0,6,0,1,19.850847,0.472842,0.572917,0.117537,2806,5284,8090,8090,Despejado
659,660,2012-10-21,winter,1,10,0,0,0,1,19.030847,0.456429,0.51,0.166054,2132,4692,6824,6824,Despejado
660,661,2012-10-22,winter,1,10,0,1,1,1,19.9875,0.482942,0.568333,0.0814833,830,6228,7058,7058,Despejado
661,662,2012-10-23,winter,1,10,0,2,1,1,22.310847,0.530304,0.641667,0.0945458,841,6625,7466,7466,Despejado
662,663,2012-10-24,winter,1,10,0,3,1,1,24.087500000000002,0.558721,0.63625,0.0727792,795,6898,7693,7693,Despejado
663,664,2012-10-25,winter,1,10,0,4,1,2,22.55,0.529688,0.800417,0.124375,875,6484,7359,7359,Nublado
664,665,2012-10-26,winter,1,10,0,5,1,2,22.379153000000002,0.52275,0.807083,0.132467,1182,6262,7444,7444,Nublado
665,666,2012-10-27,winter,1,10,0,6,0,2,21.73,0.515133,0.72,0.235692,2643,5209,7852,7852,Nublado
666,667,2012-10-28,winter,1,10,0,0,0,2,19.5775,0.467771,0.694583,0.398008,998,3461,4459,4459,Nublado
667,668,2012-10-29,winter,1,10,0,1,1,3,18.04,0.4394,0.88,0.3582,2,20,22,22,Lluvioso
668,669,2012-10-30,winter,1,10,0,2,1,2,13.045462,0.309909,0.825455,0.213009,87,1009,1096,1096,Nublado
669,670,2012-10-31,winter,1,10,0,3,1,2,14.657499999999999,0.3611,0.666667,0.166667,419,5147,5566,5566,Nublado
670,671,2012-11-01,winter,1,11,0,4,1,2,14.999153000000002,0.369942,0.581667,0.157346,466,5520,5986,5986,Nublado
671,672,2012-11-02,winter,1,11,0,5,1,1,14.555,0.356042,0.522083,0.266175,618,5229,5847,5847,Despejado
672,673,2012-11-03,winter,1,11,0,6,0,2,14.076653,0.323846,0.49125,0.270529,1029,4109,5138,5138,Nublado
673,674,2012-11-04,winter,1,11,0,0,0,1,13.359153,0.329538,0.532917,0.179108,1201,3906,5107,5107,Despejado
674,675,2012-11-05,winter,1,11,0,1,1,1,13.085847,0.308075,0.494167,0.236325,378,4881,5259,5259,Despejado
675,676,2012-11-06,winter,1,11,0,2,1,1,11.514153,0.281567,0.567083,0.173513,466,5220,5686,5686,Despejado
676,677,2012-11-07,winter,1,11,0,3,1,2,12.129153,0.274621,0.5475,0.304108,326,4709,5035,5035,Nublado
677,678,2012-11-08,winter,1,11,0,4,1,1,14.439134,0.341891,0.333478,0.347835,340,4975,5315,5315,Despejado
678,679,2012-11-09,winter,1,11,0,5,1,1,14.828347,0.355413,0.540833,0.214558,709,5283,5992,5992,Despejado
679,680,2012-11-10,winter,1,11,0,6,0,1,15.955846999999999,0.393937,0.645417,0.0578458,2090,4446,6536,6536,Despejado
680,681,2012-11-11,winter,1,11,0,0,0,1,17.254153000000002,0.421713,0.659167,0.1275,2290,4562,6852,6852,Despejado
681,682,2012-11-12,winter,1,11,1,1,0,1,19.884999999999998,0.475383,0.741667,0.173517,1097,5172,6269,6269,Despejado
682,683,2012-11-13,winter,1,11,0,2,1,2,14.076653,0.323225,0.662917,0.342046,327,3767,4094,4094,Nublado
683,684,2012-11-14,winter,1,11,0,3,1,1,11.855847,0.281563,0.552083,0.199625,373,5122,5495,5495,Despejado
684,685,2012-11-15,winter,1,11,0,4,1,2,13.188346999999998,0.324492,0.620417,0.152987,320,5125,5445,5445,Nublado
685,686,2012-11-16,winter,1,11,0,5,1,1,14.145,0.347204,0.524583,0.171025,484,5214,5698,5698,Despejado
686,687,2012-11-17,winter,1,11,0,6,0,1,13.325000000000001,0.326383,0.545417,0.179729,1313,4316,5629,5629,Despejado
687,688,2012-11-18,winter,1,11,0,0,0,1,14.0425,0.337746,0.692917,0.227612,922,3747,4669,4669,Despejado
688,689,2012-11-19,winter,1,11,0,1,1,2,15.614152999999998,0.375621,0.623333,0.235067,449,5050,5499,5499,Nublado
689,690,2012-11-20,winter,1,11,0,2,1,2,15.340847000000002,0.380667,0.685,0.082725,534,5100,5634,5634,Nublado
690,691,2012-11-21,winter,1,11,0,3,1,1,14.486653,0.364892,0.61375,0.103246,615,4531,5146,5146,Despejado
691,692,2012-11-22,winter,1,11,1,4,0,1,13.940000000000001,0.350371,0.580417,0.0528708,955,1470,2425,2425,Despejado
692,693,2012-11-23,winter,1,11,0,5,1,1,15.101653,0.378779,0.56875,0.148021,1603,2307,3910,3910,Despejado
693,694,2012-11-24,winter,1,11,0,6,0,1,11.411653,0.248742,0.404583,0.376871,532,1745,2277,2277,Despejado
694,695,2012-11-25,winter,1,11,0,0,0,1,10.079153,0.257583,0.468333,0.1505,309,2115,2424,2424,Despejado
695,696,2012-11-26,winter,1,11,0,1,1,1,12.846652999999998,0.339004,0.535417,0.04665,337,4750,5087,5087,Despejado
696,697,2012-11-27,winter,1,11,0,2,1,2,11.958347,0.281558,0.786667,0.237562,123,3836,3959,3959,Nublado
697,698,2012-11-28,winter,1,11,0,3,1,1,12.163347,0.289762,0.50625,0.210821,198,5062,5260,5260,Despejado
698,699,2012-11-29,winter,1,11,0,4,1,1,11.51567,0.298422,0.555652,0.115522,243,5080,5323,5323,Despejado
699,700,2012-11-30,winter,1,11,0,5,1,1,12.231653000000001,0.323867,0.649583,0.0584708,362,5306,5668,5668,Despejado
700,701,2012-12-01,winter,1,12,0,6,0,2,12.231653000000001,0.316904,0.806667,0.0597042,951,4240,5191,5191,Nublado
701,702,2012-12-02,winter,1,12,0,0,0,2,14.247499999999999,0.359208,0.823333,0.124379,892,3757,4649,4649,Nublado
702,703,2012-12-03,winter,1,12,0,1,1,1,18.552500000000002,0.455796,0.7675,0.0827208,555,5679,6234,6234,Despejado
703,704,2012-12-04,winter,1,12,0,2,1,1,19.509153,0.469054,0.73375,0.174129,551,6055,6606,6606,Despejado
704,705,2012-12-05,winter,1,12,0,3,1,1,17.971653,0.428012,0.485,0.324021,331,5398,5729,5729,Despejado
705,706,2012-12-06,winter,1,12,0,4,1,1,10.489152999999998,0.258204,0.50875,0.174754,340,5035,5375,5375,Despejado
706,707,2012-12-07,winter,1,12,0,5,1,2,13.154152999999999,0.321958,0.764167,0.1306,349,4659,5008,5008,Nublado
707,708,2012-12-08,winter,1,12,0,6,0,2,15.648347,0.389508,0.91125,0.101379,1153,4429,5582,5582,Nublado
708,709,2012-12-09,winter,1,12,0,0,0,2,15.750846999999998,0.390146,0.905417,0.157975,441,2787,3228,3228,Nublado
709,710,2012-12-10,winter,1,12,0,1,1,2,17.869153,0.435575,0.925,0.190308,329,4841,5170,5170,Nublado
710,711,2012-12-11,winter,1,12,0,2,1,2,14.486653,0.338363,0.596667,0.296037,282,5219,5501,5501,Nublado
711,712,2012-12-12,winter,1,12,0,3,1,2,12.1975,0.297338,0.538333,0.162937,310,5009,5319,5319,Nublado
712,713,2012-12-13,winter,1,12,0,4,1,1,12.129153,0.294188,0.485833,0.174129,425,5107,5532,5532,Despejado
713,714,2012-12-14,winter,1,12,0,5,1,1,11.548347,0.294192,0.642917,0.131229,429,5182,5611,5611,Despejado
714,715,2012-12-15,winter,1,12,0,6,0,1,13.290847,0.338383,0.650417,0.10635,767,4280,5047,5047,Despejado
715,716,2012-12-16,winter,1,12,0,0,0,2,14.862499999999999,0.369938,0.83875,0.100742,538,3248,3786,3786,Nublado
716,717,2012-12-17,winter,1,12,0,1,1,2,16.126653,0.4015,0.907083,0.0982583,212,4373,4585,4585,Nublado
717,718,2012-12-18,winter,1,12,0,2,1,1,16.844153,0.409708,0.66625,0.221404,433,5124,5557,5557,Despejado
718,719,2012-12-19,winter,1,12,0,3,1,1,13.6325,0.342162,0.625417,0.184092,333,4934,5267,5267,Despejado
719,720,2012-12-20,winter,1,12,0,4,1,2,13.530000000000001,0.335217,0.667917,0.132463,314,3814,4128,4128,Nublado
720,721,2012-12-21,springer,1,12,0,5,1,2,13.393346999999999,0.301767,0.556667,0.374383,221,3402,3623,3623,Nublado
721,722,2012-12-22,springer,1,12,0,6,0,1,10.899153,0.236113,0.44125,0.407346,205,1544,1749,1749,Despejado
722,723,2012-12-23,springer,1,12,0,0,0,1,10.079153,0.259471,0.515417,0.133083,408,1379,1787,1787,Despejado
723,724,2012-12-24,springer,1,12,0,1,1,2,9.483464,0.2589,0.791304,0.0772304,174,746,920,920,Nublado
724,725,2012-12-25,springer,1,12,1,2,0,2,11.943464,0.294465,0.734783,0.168726,440,573,1013,1013,Nublado
725,726,2012-12-26,springer,1,12,0,3,1,3,9.976652999999999,0.220333,0.823333,0.316546,9,432,441,441,Lluvioso
726,727,2012-12-27,springer,1,12,0,4,1,2,10.420846999999998,0.226642,0.652917,0.350133,247,1867,2114,2114,Nublado
727,728,2012-12-28,springer,1,12,0,5,1,2,10.386652999999999,0.255046,0.59,0.155471,644,2451,3095,3095,Nublado
728,729,2012-12-29,springer,1,12,0,6,0,2,10.386652999999999,0.2424,0.752917,0.124383,159,1182,1341,1341,Nublado
729,730,2012-12-30,springer,1,12,0,0,0,1,10.489152999999998,0.2317,0.483333,0.350754,364,1432,1796,1796,Despejado
730,731,2012-12-31,springer,1,12,0,1,1,2,8.849153,0.223487,0.5775,0.154846,439,2290,2729,2729,Nublado
